{
    "liga": "SA",
    "temporada": 2025,
    "data_treinamento": "2025-12-11T19:28:35.540328",
    "vantagem_casa": 0.15128901792518026,
    "forcas": {
        "AC Milan": {
            "ataque": 0.3508673678950863,
            "defesa": -0.35701241140710516
        },
        "AC Pisa 1909": {
            "ataque": -0.45543126881651064,
            "defesa": 0.11429396490902657
        },
        "ACF Fiorentina": {
            "ataque": -0.28590969525266274,
            "defesa": 0.338627235231424
        },
        "AS Roma": {
            "ataque": -0.09021263549541028,
            "defesa": -0.6971357474676643
        },
        "Atalanta BC": {
            "ataque": 0.035012430919661774,
            "defesa": 0.15206405979415322
        },
        "Bologna FC 1909": {
            "ataque": 0.37716644603453414,
            "defesa": -0.1880662874852147
        },
        "Cagliari Calcio": {
            "ataque": -0.07361266375150262,
            "defesa": 0.18494176937422654
        },
        "Como 1907": {
            "ataque": 0.14078829906944765,
            "defesa": -0.40232417940982873
        },
        "FC Internazionale Milano": {
            "ataque": 0.7077912612574373,
            "defesa": -0.1850939650314219
        },
        "Genoa CFC": {
            "ataque": -0.06732585260911098,
            "defesa": 0.32354627779794937
        },
        "Hellas Verona FC": {
            "ataque": -0.3145890298019206,
            "defesa": 0.32059090501304577
        },
        "Juventus FC": {
            "ataque": 0.07066408455220456,
            "defesa": -0.14216668794641732
        },
        "Parma Calcio 1913": {
            "ataque": -0.46790338501184237,
            "defesa": 0.1249428236772322
        },
        "SS Lazio": {
            "ataque": 0.0009602349724481279,
            "defesa": -0.41879681980237227
        },
        "SSC Napoli": {
            "ataque": 0.3329096543978416,
            "defesa": -0.30699722065392127
        },
        "Torino FC": {
            "ataque": -0.0063551848615076515,
            "defesa": 0.47668469358805154
        },
        "US Cremonese": {
            "ataque": 0.15533984322493732,
            "defesa": 0.05862598225047571
        },
        "US Lecce": {
            "ataque": -0.529133842979165,
            "defesa": 0.18950313089695592
        },
        "US Sassuolo Calcio": {
            "ataque": 0.18544429545789476,
            "defesa": 0.09864004831554272
        },
        "Udinese Calcio": {
            "ataque": -0.052250094299609584,
            "defesa": 0.3293966134655224
        }
    }
}