{
    "liga": "DED",
    "temporada": 2025,
    "data_treinamento": "2025-11-05T16:33:35.388254",
    "vantagem_casa": 0.1941413828511548,
    "forcas": {
        "AFC Ajax": {
            "ataque": 1.2364237712252641,
            "defesa": -0.9776742741697972
        },
        "AZ": {
            "ataque": 1.4440998635198534,
            "defesa": -1.1277116507743956
        },
        "FC Groningen": {
            "ataque": 1.0911114259675365,
            "defesa": -1.1039522479613737
        },
        "FC Twente '65": {
            "ataque": 1.237967058073167,
            "defesa": -0.8101228195359712
        },
        "FC Utrecht": {
            "ataque": 1.2249445548748283,
            "defesa": -0.9877537740106347
        },
        "FC Volendam": {
            "ataque": 0.9096294420852619,
            "defesa": -0.7627258093052336
        },
        "Feyenoord Rotterdam": {
            "ataque": 1.6856502327968406,
            "defesa": -1.3632174573992084
        },
        "Fortuna Sittard": {
            "ataque": 1.1479706825737332,
            "defesa": -0.7740567026970678
        },
        "Go Ahead Eagles": {
            "ataque": 1.0746849233217575,
            "defesa": -0.8828300916101736
        },
        "Heracles Almelo": {
            "ataque": 1.1065213497292805,
            "defesa": -0.259429347624371
        },
        "NAC Breda": {
            "ataque": 0.9259204196068784,
            "defesa": -0.8305888918529297
        },
        "NEC": {
            "ataque": 1.546965158279324,
            "defesa": -0.7164410371763307
        },
        "PEC Zwolle": {
            "ataque": 0.8712278998199127,
            "defesa": -0.4428986650673283
        },
        "PSV": {
            "ataque": 1.856421010706589,
            "defesa": -0.9015995971124527
        },
        "SBV Excelsior": {
            "ataque": 0.6451131758219503,
            "defesa": -0.7751844312809907
        },
        "SC Heerenveen": {
            "ataque": 1.3189213270336184,
            "defesa": -0.7315870361829133
        },
        "Sparta Rotterdam": {
            "ataque": 0.985461219955481,
            "defesa": -0.647903194961944
        },
        "Telstar 1963": {
            "ataque": 0.9437260326181814,
            "defesa": -0.6515829188005331
        }
    }
}