{
    "liga": "DED",
    "temporada": 2025,
    "data_treinamento": "2025-11-10T10:41:48.295139",
    "vantagem_casa": 0.21326814527181912,
    "forcas": {
        "AFC Ajax": {
            "ataque": 1.2294590869986328,
            "defesa": -0.9623780657930355
        },
        "AZ": {
            "ataque": 1.4169769009443722,
            "defesa": -0.946037570094191
        },
        "FC Groningen": {
            "ataque": 1.0104479832764157,
            "defesa": -1.1025155249892478
        },
        "FC Twente '65": {
            "ataque": 1.1502889049792904,
            "defesa": -0.8747220625481926
        },
        "FC Utrecht": {
            "ataque": 1.2439951733927006,
            "defesa": -0.9903295207927527
        },
        "FC Volendam": {
            "ataque": 0.953898792216963,
            "defesa": -0.7718699583017316
        },
        "Feyenoord Rotterdam": {
            "ataque": 1.6404638392471595,
            "defesa": -1.2796951898256155
        },
        "Fortuna Sittard": {
            "ataque": 1.1717149104972704,
            "defesa": -0.8711352144237057
        },
        "Go Ahead Eagles": {
            "ataque": 1.1577186761341391,
            "defesa": -0.9631059388155616
        },
        "Heracles Almelo": {
            "ataque": 1.1403678855084725,
            "defesa": -0.2665933508505115
        },
        "NAC Breda": {
            "ataque": 0.9227193136214658,
            "defesa": -0.789485642612109
        },
        "NEC": {
            "ataque": 1.5544844806422289,
            "defesa": -0.8056091918106356
        },
        "PEC Zwolle": {
            "ataque": 0.845961065964468,
            "defesa": -0.5251783320613541
        },
        "PSV": {
            "ataque": 1.9615119363938307,
            "defesa": -0.9516231052553403
        },
        "SBV Excelsior": {
            "ataque": 0.5998347704784817,
            "defesa": -0.757726058096098
        },
        "SC Heerenveen": {
            "ataque": 1.244622274243118,
            "defesa": -0.7204648885164974
        },
        "Sparta Rotterdam": {
            "ataque": 0.864354139163734,
            "defesa": -0.6804904602333034
        },
        "Telstar 1963": {
            "ataque": 0.870290980016498,
            "defesa": -0.7619486828208705
        }
    }
}