{
    "liga": "PD",
    "temporada": 2025,
    "data_treinamento": "2025-12-29T00:57:06.097500",
    "vantagem_casa": 0.3118066234889436,
    "forcas": {
        "Athletic Club": {
            "ataque": -0.3241294383271492,
            "defesa": 0.022784193943700893
        },
        "CA Osasuna": {
            "ataque": -0.1359626328421159,
            "defesa": -0.15602087850390475
        },
        "Club Atlético de Madrid": {
            "ataque": 0.4208011405469109,
            "defesa": -0.35047391141248563
        },
        "Deportivo Alavés": {
            "ataque": -0.3946275716381766,
            "defesa": -0.07578387171601732
        },
        "Elche CF": {
            "ataque": 0.11824131740751283,
            "defesa": -0.0555394886407739
        },
        "FC Barcelona": {
            "ataque": 0.8665323022181358,
            "defesa": -0.08565148023660676
        },
        "Getafe CF": {
            "ataque": -0.47058532061140795,
            "defesa": -0.045611470289789374
        },
        "Girona FC": {
            "ataque": -0.2726034785130303,
            "defesa": 0.36728009498165975
        },
        "Levante UD": {
            "ataque": -0.09516505300214555,
            "defesa": 0.4035033452263575
        },
        "RC Celta de Vigo": {
            "ataque": 0.013407513039179869,
            "defesa": -0.12395649373949837
        },
        "RCD Espanyol de Barcelona": {
            "ataque": 0.09862017740515104,
            "defesa": -0.1549895499200145
        },
        "RCD Mallorca": {
            "ataque": -0.01307495828939169,
            "defesa": 0.054198103952981296
        },
        "Rayo Vallecano de Madrid": {
            "ataque": -0.4485469187560581,
            "defesa": -0.12677128247187328
        },
        "Real Betis Balompié": {
            "ataque": 0.35523429527576456,
            "defesa": -0.10377954340959882
        },
        "Real Madrid CF": {
            "ataque": 0.5203199126069892,
            "defesa": -0.2903395221206301
        },
        "Real Oviedo": {
            "ataque": -1.0851686320266734,
            "defesa": 0.16001946015049015
        },
        "Real Sociedad de Fútbol": {
            "ataque": 0.046913167329114304,
            "defesa": 0.14443309089461118
        },
        "Sevilla FC": {
            "ataque": 0.2111683649507273,
            "defesa": 0.1758767216679685
        },
        "Valencia CF": {
            "ataque": -0.26165462559771857,
            "defesa": 0.15606559697985722
        },
        "Villarreal CF": {
            "ataque": 0.4720459601074472,
            "defesa": -0.29342699865377386
        }
    }
}