{
    "liga": "PD",
    "temporada": 2025,
    "data_treinamento": "2025-12-11T19:27:31.489021",
    "vantagem_casa": 0.2743389243964965,
    "forcas": {
        "Athletic Club": {
            "ataque": -0.27129133765079533,
            "defesa": -0.04645577043455615
        },
        "CA Osasuna": {
            "ataque": -0.2090834134529558,
            "defesa": -0.04773630874714457
        },
        "Club Atlético de Madrid": {
            "ataque": 0.4109894264773587,
            "defesa": -0.31542777703435687
        },
        "Deportivo Alavés": {
            "ataque": -0.37173353444110785,
            "defesa": -0.22185083797792046
        },
        "Elche CF": {
            "ataque": -0.025829600224592533,
            "defesa": -0.1179503325378002
        },
        "FC Barcelona": {
            "ataque": 0.9071918813092505,
            "defesa": 0.1044717307510144
        },
        "Getafe CF": {
            "ataque": -0.3457570325659393,
            "defesa": -0.15460555530857747
        },
        "Girona FC": {
            "ataque": -0.28972055687966036,
            "defesa": 0.38519116407283377
        },
        "Levante UD": {
            "ataque": -0.05892050405989772,
            "defesa": 0.4523055903086828
        },
        "RC Celta de Vigo": {
            "ataque": 0.05381659879639924,
            "defesa": -0.046109257511150595
        },
        "RCD Espanyol de Barcelona": {
            "ataque": 0.06203076063730475,
            "defesa": -0.10118662873273664
        },
        "RCD Mallorca": {
            "ataque": -0.12893401927423298,
            "defesa": 0.06978934240907282
        },
        "Rayo Vallecano de Madrid": {
            "ataque": -0.32923456511574256,
            "defesa": -0.2216228089772959
        },
        "Real Betis Balompié": {
            "ataque": 0.31041850652295816,
            "defesa": -0.0024293734627032393
        },
        "Real Madrid CF": {
            "ataque": 0.5291824547169819,
            "defesa": -0.24171525261436766
        },
        "Real Oviedo": {
            "ataque": -0.9417697776414383,
            "defesa": 0.1267910055368735
        },
        "Real Sociedad de Fútbol": {
            "ataque": 0.14927261215372206,
            "defesa": 0.1344354506317608
        },
        "Sevilla FC": {
            "ataque": 0.15686109148379376,
            "defesa": 0.24312196423346824
        },
        "Valencia CF": {
            "ataque": -0.27954480012645033,
            "defesa": 0.18235206627009487
        },
        "Villarreal CF": {
            "ataque": 0.5602807019663543,
            "defesa": -0.29310144169456903
        }
    }
}