{
    "liga": "BL1",
    "temporada": 2025,
    "data_treinamento": "2025-11-27T20:24:39.977983",
    "vantagem_casa": 0.16517557154571993,
    "forcas": {
        "1. FC Heidenheim 1846": {
            "ataque": 0.39500654471155855,
            "defesa": -0.47995514309080595
        },
        "1. FC Köln": {
            "ataque": 1.3220864372206844,
            "defesa": -0.717919076207159
        },
        "1. FC Union Berlin": {
            "ataque": 1.0471651212725206,
            "defesa": -0.9997499414872195
        },
        "1. FSV Mainz 05": {
            "ataque": 0.7352872235735747,
            "defesa": -0.8026541502099184
        },
        "Bayer 04 Leverkusen": {
            "ataque": 1.6081710623523002,
            "defesa": -0.9922386105589083
        },
        "Borussia Dortmund": {
            "ataque": 1.24976320476511,
            "defesa": -1.3333433087454938
        },
        "Borussia Mönchengladbach": {
            "ataque": 1.1409908211112219,
            "defesa": -0.7962231232042123
        },
        "Eintracht Frankfurt": {
            "ataque": 1.6578771179934613,
            "defesa": -0.6380133885949126
        },
        "FC Augsburg": {
            "ataque": 1.0655177365671815,
            "defesa": -0.45177673244625066
        },
        "FC Bayern München": {
            "ataque": 2.09701172649885,
            "defesa": -1.6323386552080401
        },
        "FC St. Pauli 1910": {
            "ataque": 0.5007630811259955,
            "defesa": -0.6609667122602251
        },
        "Hamburger SV": {
            "ataque": 0.5346402478622139,
            "defesa": -0.8667385539847373
        },
        "RB Leipzig": {
            "ataque": 1.422531592918742,
            "defesa": -1.16030910486945
        },
        "SC Freiburg": {
            "ataque": 1.043609848935514,
            "defesa": -0.8804230674899959
        },
        "SV Werder Bremen": {
            "ataque": 1.0473613743765782,
            "defesa": -0.7815988430311587
        },
        "TSG 1899 Hoffenheim": {
            "ataque": 1.4433750855509127,
            "defesa": -0.9195104103070878
        },
        "VfB Stuttgart": {
            "ataque": 1.2965360484170942,
            "defesa": -0.8134160873876563
        },
        "VfL Wolfsburg": {
            "ataque": 0.8873129817263323,
            "defesa": -0.5778363444164786
        }
    }
}