{
    "liga": "FL1",
    "temporada": 2025,
    "data_treinamento": "2025-11-27T20:34:04.130239",
    "vantagem_casa": 0.4323419949153637,
    "forcas": {
        "AJ Auxerre": {
            "ataque": 0.10210072270756516,
            "defesa": -0.9782829547456787
        },
        "AS Monaco FC": {
            "ataque": 1.3055060313778168,
            "defesa": -0.5073241411536397
        },
        "Angers SCO": {
            "ataque": 0.4853629522567774,
            "defesa": -1.3271639566160875
        },
        "FC Lorient": {
            "ataque": 0.8822944403442939,
            "defesa": -0.5921467037193924
        },
        "FC Metz": {
            "ataque": 0.8807118538064647,
            "defesa": -0.5175608266064468
        },
        "FC Nantes": {
            "ataque": 0.49889543233990313,
            "defesa": -0.9035327172611947
        },
        "Le Havre AC": {
            "ataque": 0.6602307694354281,
            "defesa": -0.9753526655609668
        },
        "Lille OSC": {
            "ataque": 1.3714254485354804,
            "defesa": -1.0099496473875078
        },
        "OGC Nice": {
            "ataque": 1.0052744193481684,
            "defesa": -0.7764369696226087
        },
        "Olympique Lyonnais": {
            "ataque": 1.1063544937558376,
            "defesa": -1.2150928574605082
        },
        "Olympique de Marseille": {
            "ataque": 1.6611739240883259,
            "defesa": -1.3659785729353195
        },
        "Paris FC": {
            "ataque": 1.0991998102969,
            "defesa": -0.7509089769373937
        },
        "Paris Saint-Germain FC": {
            "ataque": 1.5262033849246317,
            "defesa": -1.4684244028905522
        },
        "RC Strasbourg Alsace": {
            "ataque": 1.4007886249816661,
            "defesa": -1.1122890216942205
        },
        "Racing Club de Lens": {
            "ataque": 1.17228431078136,
            "defesa": -1.5484291513363642
        },
        "Stade Brestois 29": {
            "ataque": 0.9655297746112461,
            "defesa": -0.7338719661397978
        },
        "Stade Rennais FC 1901": {
            "ataque": 1.2963708440324124,
            "defesa": -0.8859041599082625
        },
        "Toulouse FC": {
            "ataque": 0.9396176064328363,
            "defesa": -0.9720146068248688
        }
    }
}