{
    "liga": "BL1",
    "temporada": 2025,
    "data_treinamento": "2025-12-11T19:27:24.739329",
    "vantagem_casa": 0.2143795105136071,
    "forcas": {
        "1. FC Heidenheim 1846": {
            "ataque": -0.3523893403916407,
            "defesa": 0.46295454365261496
        },
        "1. FC Köln": {
            "ataque": 0.22039582437370134,
            "defesa": 0.25051241919431244
        },
        "1. FC Union Berlin": {
            "ataque": -0.07831415769636342,
            "defesa": 0.1860656242228722
        },
        "1. FSV Mainz 05": {
            "ataque": -0.45020022924960046,
            "defesa": 0.30697346370367967
        },
        "Bayer 04 Leverkusen": {
            "ataque": 0.4595290743916291,
            "defesa": 0.10054215449990268
        },
        "Borussia Dortmund": {
            "ataque": 0.2947591843787566,
            "defesa": -0.4871358600107419
        },
        "Borussia Mönchengladbach": {
            "ataque": -0.006832278363870573,
            "defesa": 0.06001445904249746
        },
        "Eintracht Frankfurt": {
            "ataque": 0.4959014878998515,
            "defesa": 0.4934367799592969
        },
        "FC Augsburg": {
            "ataque": 0.03396448334493615,
            "defesa": 0.4061826219474736
        },
        "FC Bayern München": {
            "ataque": 1.0598568455605395,
            "defesa": -0.6339107905864669
        },
        "FC St. Pauli 1910": {
            "ataque": -0.4414814067747125,
            "defesa": 0.2290910085013865
        },
        "Hamburger SV": {
            "ataque": -0.18555334684525557,
            "defesa": 0.145098397767842
        },
        "RB Leipzig": {
            "ataque": 0.4670608467219414,
            "defesa": -0.37203947822767064
        },
        "SC Freiburg": {
            "ataque": 0.10446726846335927,
            "defesa": 0.17950508571602616
        },
        "SV Werder Bremen": {
            "ataque": 0.036810185002052534,
            "defesa": 0.28517956601253963
        },
        "TSG 1899 Hoffenheim": {
            "ataque": 0.38429020086126797,
            "defesa": 0.045557196474973936
        },
        "VfB Stuttgart": {
            "ataque": 0.24855226865531532,
            "defesa": 0.28383222412860165
        },
        "VfL Wolfsburg": {
            "ataque": -0.045301565883442696,
            "defesa": 0.3036012316771367
        }
    }
}