{
    "liga": "CL",
    "temporada": 2025,
    "data_treinamento": "2025-12-29T00:56:19.492416",
    "vantagem_casa": 0.2361775620690831,
    "forcas": {
        "AFC Ajax": {
            "ataque": -0.42730461249530527,
            "defesa": 0.9348594426107167
        },
        "AS Monaco FC": {
            "ataque": -0.11371969918167896,
            "defesa": 0.0746366604559335
        },
        "Arsenal FC": {
            "ataque": 0.8411081677849837,
            "defesa": -2.120645737254661
        },
        "Atalanta BC": {
            "ataque": -0.006532870990460825,
            "defesa": -0.6477254505670853
        },
        "Athletic Club": {
            "ataque": -0.8206330318385864,
            "defesa": -0.34252470286151054
        },
        "Bayer 04 Leverkusen": {
            "ataque": 0.24932212605101398,
            "defesa": 0.09962799630663084
        },
        "Borussia Dortmund": {
            "ataque": 0.6585201145138575,
            "defesa": 0.7410334948648772
        },
        "Chelsea FC": {
            "ataque": 0.3232781427833406,
            "defesa": -0.11664512296918987
        },
        "Club Atlético de Madrid": {
            "ataque": 0.7178736757093531,
            "defesa": 0.1439209627046264
        },
        "Club Brugge KV": {
            "ataque": 0.523545463949941,
            "defesa": 0.32589761268065875
        },
        "Eintracht Frankfurt": {
            "ataque": 0.14704693805234184,
            "defesa": 0.6206010138806637
        },
        "FC Barcelona": {
            "ataque": 0.5034157556771081,
            "defesa": -0.05430595319772799
        },
        "FC Bayern München": {
            "ataque": 1.0779479612826735,
            "defesa": -0.5768831136924352
        },
        "FC Internazionale Milano": {
            "ataque": 0.10570206034039843,
            "defesa": -0.5261287043925382
        },
        "FC København": {
            "ataque": -0.15009375998313812,
            "defesa": 0.8348255785339228
        },
        "FK Bodø/Glimt": {
            "ataque": 0.0321864910454313,
            "defesa": 0.563058660156466
        },
        "FK Kairat": {
            "ataque": -0.725850392688906,
            "defesa": 0.7439026018947773
        },
        "Galatasaray SK": {
            "ataque": -0.30273167625085684,
            "defesa": 0.12654685934639395
        },
        "Juventus FC": {
            "ataque": 0.2184047411393825,
            "defesa": 0.25595730858696436
        },
        "Liverpool FC": {
            "ataque": 0.3063511507120723,
            "defesa": -0.14559578367697848
        },
        "Manchester City FC": {
            "ataque": 0.22774275046826434,
            "defesa": -0.22084767910775635
        },
        "Newcastle United FC": {
            "ataque": 0.6325683555433841,
            "defesa": -0.18501917608705795
        },
        "Olympique de Marseille": {
            "ataque": 0.3004089387020518,
            "defesa": -0.06723401947185308
        },
        "PAE Olympiakos SFP": {
            "ataque": -0.22526056550793935,
            "defesa": 0.3229066825474843
        },
        "PSV": {
            "ataque": 0.5931517482695846,
            "defesa": 0.2990440868935748
        },
        "Paphos FC": {
            "ataque": -0.7882456927275102,
            "defesa": 0.1978181282333457
        },
        "Paris Saint-Germain FC": {
            "ataque": 1.2887569562262147,
            "defesa": -0.1517206372885505
        },
        "Qarabağ Ağdam FK": {
            "ataque": -0.05957329432793345,
            "defesa": 0.9879210206270561
        },
        "Real Madrid CF": {
            "ataque": 0.45851456760463394,
            "defesa": 0.004392944664536529
        },
        "Royale Union Saint-Gilloise": {
            "ataque": 0.05427250499739295,
            "defesa": 0.3937894112944315
        },
        "SK Slavia Praha": {
            "ataque": -1.0015434301474053,
            "defesa": 0.30420618519559445
        },
        "SSC Napoli": {
            "ataque": -0.5222665815553539,
            "defesa": 0.3104239999934439
        },
        "Sport Lisboa e Benfica": {
            "ataque": -0.5647014353709897,
            "defesa": 0.0008537679176675596
        },
        "Sporting Clube de Portugal": {
            "ataque": 0.31164771301900535,
            "defesa": -0.2023605075311946
        },
        "Tottenham Hotspur FC": {
            "ataque": 0.2446152698952262,
            "defesa": -0.21022086345366903
        },
        "Villarreal CF": {
            "ataque": -0.8858521994471311,
            "defesa": 0.5037428698203301
        }
    }
}