{
    "liga": "PL",
    "temporada": 2025,
    "data_treinamento": "2025-12-22T07:30:52.984182",
    "vantagem_casa": 0.2704807821686256,
    "forcas": {
        "AFC Bournemouth": {
            "ataque": 0.13672735842241887,
            "defesa": 0.3036057761982151
        },
        "Arsenal FC": {
            "ataque": 0.3255302013828778,
            "defesa": -0.7412072088596979
        },
        "Aston Villa FC": {
            "ataque": 0.2123912212177412,
            "defesa": -0.17021586583740017
        },
        "Brentford FC": {
            "ataque": 0.09918371178417537,
            "defesa": 0.12663855238643162
        },
        "Brighton & Hove Albion FC": {
            "ataque": 0.11315575226265924,
            "defesa": 0.07181048967422018
        },
        "Burnley FC": {
            "ataque": -0.11582956477773139,
            "defesa": 0.4137525955764799
        },
        "Chelsea FC": {
            "ataque": 0.25430482822505796,
            "defesa": -0.2048276636455224
        },
        "Crystal Palace FC": {
            "ataque": -0.05425900811813398,
            "defesa": -0.11377570742700463
        },
        "Everton FC": {
            "ataque": -0.18548296268082745,
            "defesa": -0.1100348076427704
        },
        "Fulham FC": {
            "ataque": 0.17989208099410067,
            "defesa": 0.25059540386540186
        },
        "Leeds United FC": {
            "ataque": 0.13664680798816423,
            "defesa": 0.37016327749914296
        },
        "Liverpool FC": {
            "ataque": 0.29257891412127374,
            "defesa": 0.1080695359228815
        },
        "Manchester City FC": {
            "ataque": 0.5987543350022632,
            "defesa": -0.26258102471914346
        },
        "Manchester United FC": {
            "ataque": 0.398241792817423,
            "defesa": 0.2733479535171312
        },
        "Newcastle United FC": {
            "ataque": 0.06883335584466863,
            "defesa": 0.05274358043150935
        },
        "Nottingham Forest FC": {
            "ataque": -0.19452745737080548,
            "defesa": 0.2330321472262579
        },
        "Sunderland AFC": {
            "ataque": -0.13732170902405413,
            "defesa": -0.27653629121184214
        },
        "Tottenham Hotspur FC": {
            "ataque": 0.11526190643247335,
            "defesa": 0.07520080962705637
        },
        "West Ham United FC": {
            "ataque": -0.07024833299628187,
            "defesa": 0.40476782351964946
        },
        "Wolverhampton Wanderers FC": {
            "ataque": -0.8681311982433262,
            "defesa": 0.5012072701153367
        }
    }
}