{
    "liga": "FL1",
    "temporada": 2025,
    "data_treinamento": "2025-11-10T10:46:23.305462",
    "vantagem_casa": 0.4477152375299152,
    "forcas": {
        "AJ Auxerre": {
            "ataque": 0.17784640839207938,
            "defesa": -0.9151589647803229
        },
        "AS Monaco FC": {
            "ataque": 1.335964980824922,
            "defesa": -0.547559631475692
        },
        "Angers SCO": {
            "ataque": 0.43890431100073957,
            "defesa": -1.2329592550100739
        },
        "FC Lorient": {
            "ataque": 0.8826555946309511,
            "defesa": -0.5589542815534979
        },
        "FC Metz": {
            "ataque": 0.8176361370092051,
            "defesa": -0.5522095488072863
        },
        "FC Nantes": {
            "ataque": 0.5567129214764381,
            "defesa": -0.9091900645570412
        },
        "Le Havre AC": {
            "ataque": 0.6997829122034629,
            "defesa": -0.9990858147177584
        },
        "Lille OSC": {
            "ataque": 1.3136057475346121,
            "defesa": -1.0996703394653036
        },
        "OGC Nice": {
            "ataque": 1.0187407238325898,
            "defesa": -0.925082639275393
        },
        "Olympique Lyonnais": {
            "ataque": 1.1840415585900488,
            "defesa": -1.1601830635649277
        },
        "Olympique de Marseille": {
            "ataque": 1.5434228735170008,
            "defesa": -1.3699506938184043
        },
        "Paris FC": {
            "ataque": 1.034003388129869,
            "defesa": -0.8087411244509494
        },
        "Paris Saint-Germain FC": {
            "ataque": 1.5025636865776342,
            "defesa": -1.4292127979078413
        },
        "RC Strasbourg Alsace": {
            "ataque": 1.4358316158893094,
            "defesa": -1.0570891133506273
        },
        "Racing Club de Lens": {
            "ataque": 1.2088282110358768,
            "defesa": -1.4436757594297753
        },
        "Stade Brestois 29": {
            "ataque": 0.9279785896065574,
            "defesa": -0.7728689489040161
        },
        "Stade Rennais FC 1901": {
            "ataque": 1.2510895255747447,
            "defesa": -0.8661733990846088
        },
        "Toulouse FC": {
            "ataque": 1.0126939516345703,
            "defesa": -1.009933483183233
        }
    }
}