{
    "liga": "PL",
    "temporada": 2025,
    "data_treinamento": "2025-12-29T00:58:18.567243",
    "vantagem_casa": 0.259207528804165,
    "forcas": {
        "AFC Bournemouth": {
            "ataque": 0.14916322059095202,
            "defesa": 0.384877141464599
        },
        "Arsenal FC": {
            "ataque": 0.3500615911998899,
            "defesa": -0.6802665728130463
        },
        "Aston Villa FC": {
            "ataque": 0.263431399986534,
            "defesa": -0.18409126663036215
        },
        "Brentford FC": {
            "ataque": 0.19519554877991954,
            "defesa": 0.12624238797958315
        },
        "Brighton & Hove Albion FC": {
            "ataque": 0.1498207544562416,
            "defesa": 0.08477554847689436
        },
        "Burnley FC": {
            "ataque": -0.1614184762933572,
            "defesa": 0.38208455472623004
        },
        "Chelsea FC": {
            "ataque": 0.2568081137831635,
            "defesa": -0.1336931765081862
        },
        "Crystal Palace FC": {
            "ataque": -0.10980741553592356,
            "defesa": -0.10813999025751822
        },
        "Everton FC": {
            "ataque": -0.2449986862819415,
            "defesa": -0.15276935071594042
        },
        "Fulham FC": {
            "ataque": 0.11836710873554995,
            "defesa": 0.15199799232007583
        },
        "Leeds United FC": {
            "ataque": 0.15231290921563295,
            "defesa": 0.35482767011569805
        },
        "Liverpool FC": {
            "ataque": 0.2718925017133255,
            "defesa": 0.13677931272096483
        },
        "Manchester City FC": {
            "ataque": 0.6105879175485491,
            "defesa": -0.23944919321126387
        },
        "Manchester United FC": {
            "ataque": 0.3729497283541399,
            "defesa": 0.22734213976714063
        },
        "Newcastle United FC": {
            "ataque": 0.01984139675015433,
            "defesa": 0.008913368676563553
        },
        "Nottingham Forest FC": {
            "ataque": -0.2330740080055286,
            "defesa": 0.1968975903822887
        },
        "Sunderland AFC": {
            "ataque": -0.16030924100420013,
            "defesa": -0.2561920130441977
        },
        "Tottenham Hotspur FC": {
            "ataque": 0.13052241798654568,
            "defesa": 0.025825559393835604
        },
        "West Ham United FC": {
            "ataque": -0.14189736398823954,
            "defesa": 0.3885759702646268
        },
        "Wolverhampton Wanderers FC": {
            "ataque": -0.7903261085804204,
            "defesa": 0.48447007668820835
        }
    }
}