{
    "liga": "BL1",
    "temporada": 2025,
    "data_treinamento": "2025-11-10T10:40:12.460975",
    "vantagem_casa": 0.18779525871743508,
    "forcas": {
        "1. FC Heidenheim 1846": {
            "ataque": 0.4875971338099202,
            "defesa": -0.5244319039988447
        },
        "1. FC Köln": {
            "ataque": 1.2606147637939806,
            "defesa": -0.8077616015889739
        },
        "1. FC Union Berlin": {
            "ataque": 1.1005004160040333,
            "defesa": -0.9004828345605699
        },
        "1. FSV Mainz 05": {
            "ataque": 0.7279222793758725,
            "defesa": -0.7248536905190571
        },
        "Bayer 04 Leverkusen": {
            "ataque": 1.5759758060343563,
            "defesa": -0.9612862083383583
        },
        "Borussia Dortmund": {
            "ataque": 1.1400190682994296,
            "defesa": -1.621708882040965
        },
        "Borussia Mönchengladbach": {
            "ataque": 1.0630617506534523,
            "defesa": -0.7052886757959171
        },
        "Eintracht Frankfurt": {
            "ataque": 1.5601227909484612,
            "defesa": -0.6619871644380235
        },
        "FC Augsburg": {
            "ataque": 1.135559140975386,
            "defesa": -0.34792430363572846
        },
        "FC Bayern München": {
            "ataque": 1.9866322444521072,
            "defesa": -1.872571370589399
        },
        "FC St. Pauli 1910": {
            "ataque": 0.5795552771413478,
            "defesa": -0.603708434203318
        },
        "Hamburger SV": {
            "ataque": 0.6665252653562918,
            "defesa": -0.8146848687879145
        },
        "RB Leipzig": {
            "ataque": 1.4469399585382432,
            "defesa": -1.0633601280184493
        },
        "SC Freiburg": {
            "ataque": 0.8871677799188803,
            "defesa": -1.0208224660680887
        },
        "SV Werder Bremen": {
            "ataque": 1.0996574890618065,
            "defesa": -0.7282640608742335
        },
        "TSG 1899 Hoffenheim": {
            "ataque": 1.4985149448890724,
            "defesa": -0.8897233387608136
        },
        "VfB Stuttgart": {
            "ataque": 1.1337651190649864,
            "defesa": -0.9219940218734511
        },
        "VfL Wolfsburg": {
            "ataque": 0.8775800219426586,
            "defesa": -0.6014172152471776
        }
    }
}