{
    "liga": "PL",
    "temporada": 2025,
    "data_treinamento": "2025-12-11T19:28:41.838270",
    "vantagem_casa": 0.27365571482567463,
    "forcas": {
        "AFC Bournemouth": {
            "ataque": 0.06343618146087172,
            "defesa": 0.2571310287160667
        },
        "Arsenal FC": {
            "ataque": 0.38301348226922993,
            "defesa": -0.7548305636785466
        },
        "Aston Villa FC": {
            "ataque": 0.15515951172485534,
            "defesa": -0.23787916335091894
        },
        "Brentford FC": {
            "ataque": 0.1580776025272591,
            "defesa": 0.16385101868186028
        },
        "Brighton & Hove Albion FC": {
            "ataque": 0.2409065283653035,
            "defesa": 0.14081759560088303
        },
        "Burnley FC": {
            "ataque": -0.1372229071949428,
            "defesa": 0.426564284346143
        },
        "Chelsea FC": {
            "ataque": 0.20097397950316756,
            "defesa": -0.2153712559068996
        },
        "Crystal Palace FC": {
            "ataque": 0.009543408606805505,
            "defesa": -0.42706613797828896
        },
        "Everton FC": {
            "ataque": -0.09975525490996197,
            "defesa": -0.1067443108104534
        },
        "Fulham FC": {
            "ataque": 0.12508611186204358,
            "defesa": 0.21816828628854762
        },
        "Leeds United FC": {
            "ataque": 0.003379705437798219,
            "defesa": 0.4338554377350768
        },
        "Liverpool FC": {
            "ataque": 0.265892278578333,
            "defesa": 0.2164309947677664
        },
        "Manchester City FC": {
            "ataque": 0.565764827281973,
            "defesa": -0.1449269769521228
        },
        "Manchester United FC": {
            "ataque": 0.3403925980447939,
            "defesa": 0.14347952151091006
        },
        "Newcastle United FC": {
            "ataque": 0.04842711098663914,
            "defesa": 0.028986363016723395
        },
        "Nottingham Forest FC": {
            "ataque": -0.3367518568691022,
            "defesa": 0.29381573108576803
        },
        "Sunderland AFC": {
            "ataque": -0.05669936025353946,
            "defesa": -0.12401467926631371
        },
        "Tottenham Hotspur FC": {
            "ataque": 0.21387387579916378,
            "defesa": -0.050271464571600324
        },
        "West Ham United FC": {
            "ataque": -0.08150790156224744,
            "defesa": 0.37875914432345376
        },
        "Wolverhampton Wanderers FC": {
            "ataque": -0.8787451933210808,
            "defesa": 0.5423874946672068
        }
    }
}