{
    "liga": "SA",
    "temporada": 2025,
    "data_treinamento": "2025-12-29T00:58:11.108142",
    "vantagem_casa": 0.16111085819084656,
    "forcas": {
        "AC Milan": {
            "ataque": 0.39964972824823636,
            "defesa": -0.2784487996329992
        },
        "AC Pisa 1909": {
            "ataque": -0.46055369828588905,
            "defesa": 0.21479074393313502
        },
        "ACF Fiorentina": {
            "ataque": -0.0948173560811976,
            "defesa": 0.368215612294587
        },
        "AS Roma": {
            "ataque": -0.05415177549864821,
            "defesa": -0.6022585317774322
        },
        "Atalanta BC": {
            "ataque": -0.0166443978346013,
            "defesa": 0.012854167239787646
        },
        "Bologna FC 1909": {
            "ataque": 0.2751927376258488,
            "defesa": -0.18304480872548376
        },
        "Cagliari Calcio": {
            "ataque": 0.01056482831953926,
            "defesa": 0.25804181092637263
        },
        "Como 1907": {
            "ataque": 0.21721883642277193,
            "defesa": -0.39631167524256655
        },
        "FC Internazionale Milano": {
            "ataque": 0.6439067170616328,
            "defesa": -0.2630562477905294
        },
        "Genoa CFC": {
            "ataque": -0.12627995932185979,
            "defesa": 0.28531045462219284
        },
        "Hellas Verona FC": {
            "ataque": -0.2779797701473506,
            "defesa": 0.33889953749566115
        },
        "Juventus FC": {
            "ataque": 0.18843046100287136,
            "defesa": -0.2570824416953543
        },
        "Parma Calcio 1913": {
            "ataque": -0.5243202848954422,
            "defesa": 0.05996341268898767
        },
        "SS Lazio": {
            "ataque": -0.10098804308540749,
            "defesa": -0.492441416234334
        },
        "SSC Napoli": {
            "ataque": 0.2717599457952254,
            "defesa": -0.37086885593418994
        },
        "Torino FC": {
            "ataque": -0.05077681672447042,
            "defesa": 0.3565162185980929
        },
        "US Cremonese": {
            "ataque": -0.03487995796196742,
            "defesa": 0.024697493181415172
        },
        "US Lecce": {
            "ataque": -0.549832265654602,
            "defesa": 0.25285082560116595
        },
        "US Sassuolo Calcio": {
            "ataque": 0.12642243277230417,
            "defesa": 0.0681730088425884
        },
        "Udinese Calcio": {
            "ataque": -0.04141790615289141,
            "defesa": 0.4037333153910013
        }
    }
}