{
    "liga": "PPL",
    "temporada": 2025,
    "data_treinamento": "2025-12-22T07:30:38.908410",
    "vantagem_casa": 0.10903414731853868,
    "forcas": {
        "AVS": {
            "ataque": -0.4674914242911475,
            "defesa": 0.8610838273665653
        },
        "CD Nacional": {
            "ataque": -0.08367946533845017,
            "defesa": 0.15963181905939164
        },
        "CD Santa Clara": {
            "ataque": -0.6029990409583765,
            "defesa": -0.15188702799522505
        },
        "CD Tondela": {
            "ataque": -0.6009657713579066,
            "defesa": 0.4290643629886562
        },
        "CF Estrela da Amadora": {
            "ataque": -0.12065808239356504,
            "defesa": 0.2642615785676745
        },
        "Casa Pia AC": {
            "ataque": -0.07137909598136186,
            "defesa": 0.5179988053635451
        },
        "FC Alverca": {
            "ataque": -0.20191348505633236,
            "defesa": 0.24239246324354918
        },
        "FC Arouca": {
            "ataque": -0.19368154795167836,
            "defesa": 0.7208802817244151
        },
        "FC Famalicão": {
            "ataque": 0.025032205558985967,
            "defesa": -0.5224770136005841
        },
        "FC Porto": {
            "ataque": 0.5503903595098703,
            "defesa": -1.3735656367271933
        },
        "GD Estoril Praia": {
            "ataque": 0.2168138257124628,
            "defesa": 0.4094084595454554
        },
        "Gil Vicente FC": {
            "ataque": -0.006460583874368876,
            "defesa": -0.5579017720354363
        },
        "Moreirense FC": {
            "ataque": 0.24258575249199263,
            "defesa": 0.30530227055736286
        },
        "Rio Ave FC": {
            "ataque": 0.04156414911609556,
            "defesa": 0.3916954045313092
        },
        "Sport Lisboa e Benfica": {
            "ataque": 0.5017698326377824,
            "defesa": -0.6214638776156082
        },
        "Sporting Clube de Braga": {
            "ataque": 0.29727364303205434,
            "defesa": -0.25958320735174306
        },
        "Sporting Clube de Portugal": {
            "ataque": 0.7285352208080511,
            "defesa": -0.7817077617387825
        },
        "Vitória SC": {
            "ataque": -0.15075731997981337,
            "defesa": 0.07086233916517612
        }
    }
}