{
    "liga": "PL",
    "temporada": 2025,
    "data_treinamento": "2025-12-02T00:19:01.721291",
    "vantagem_casa": 0.2729589817195735,
    "forcas": {
        "AFC Bournemouth": {
            "ataque": 1.2350803800480576,
            "defesa": -0.5756517537594952
        },
        "Arsenal FC": {
            "ataque": 1.4140569285726914,
            "defesa": -1.8406620697079759
        },
        "Aston Villa FC": {
            "ataque": 0.9116909700189391,
            "defesa": -1.351292824191829
        },
        "Brentford FC": {
            "ataque": 1.291928677876677,
            "defesa": -0.7948728653146925
        },
        "Brighton & Hove Albion FC": {
            "ataque": 1.2272364170911834,
            "defesa": -1.0289962053100252
        },
        "Burnley FC": {
            "ataque": 0.9272806215379787,
            "defesa": -0.5244831085694927
        },
        "Chelsea FC": {
            "ataque": 1.3507285080722558,
            "defesa": -1.2990801208758609
        },
        "Crystal Palace FC": {
            "ataque": 0.9949111698807318,
            "defesa": -1.3767942817396732
        },
        "Everton FC": {
            "ataque": 0.8389443061324053,
            "defesa": -0.9082146826500171
        },
        "Fulham FC": {
            "ataque": 0.932913855474285,
            "defesa": -0.9969996654842266
        },
        "Leeds United FC": {
            "ataque": 0.7513162195226744,
            "defesa": -0.5309744083963712
        },
        "Liverpool FC": {
            "ataque": 1.2137324873898412,
            "defesa": -0.8540099453316017
        },
        "Manchester City FC": {
            "ataque": 1.3988303935428075,
            "defesa": -1.292770003648696
        },
        "Manchester United FC": {
            "ataque": 1.3740190207819716,
            "defesa": -0.8606752776234069
        },
        "Newcastle United FC": {
            "ataque": 1.0307450699960843,
            "defesa": -0.985670667604322
        },
        "Nottingham Forest FC": {
            "ataque": 0.730514145154378,
            "defesa": -0.7650777775211483
        },
        "Sunderland AFC": {
            "ataque": 0.9872343542537936,
            "defesa": -1.1796810906377042
        },
        "Tottenham Hotspur FC": {
            "ataque": 1.178143328785459,
            "defesa": -0.9833357716993765
        },
        "West Ham United FC": {
            "ataque": 0.9019195831441289,
            "defesa": -0.5024102004260551
        },
        "Wolverhampton Wanderers FC": {
            "ataque": 0.18507103428644694,
            "defesa": -0.4720952802423836
        }
    }
}