{
    "liga": "BL1",
    "temporada": 2025,
    "data_treinamento": "2025-12-01T23:40:56.969311",
    "vantagem_casa": 0.15316061389743607,
    "forcas": {
        "1. FC Heidenheim 1846": {
            "ataque": 0.5868946042283603,
            "defesa": -0.4860135635059143
        },
        "1. FC Köln": {
            "ataque": 1.3019624120946056,
            "defesa": -0.7230089620967883
        },
        "1. FC Union Berlin": {
            "ataque": 0.9860762231560375,
            "defesa": -0.9103713651909393
        },
        "1. FSV Mainz 05": {
            "ataque": 0.6698036639660441,
            "defesa": -0.6621791318845364
        },
        "Bayer 04 Leverkusen": {
            "ataque": 1.6030967928664366,
            "defesa": -0.9328541791654481
        },
        "Borussia Dortmund": {
            "ataque": 1.2806560993419365,
            "defesa": -1.3665760921794625
        },
        "Borussia Mönchengladbach": {
            "ataque": 1.0679380735203445,
            "defesa": -0.8912293654840465
        },
        "Eintracht Frankfurt": {
            "ataque": 1.5721539197670829,
            "defesa": -0.6453388409632589
        },
        "FC Augsburg": {
            "ataque": 0.9918512449567903,
            "defesa": -0.46480513771245674
        },
        "FC Bayern München": {
            "ataque": 2.073173964975117,
            "defesa": -1.5269728363487036
        },
        "FC St. Pauli 1910": {
            "ataque": 0.582823907931238,
            "defesa": -0.7253007910363135
        },
        "Hamburger SV": {
            "ataque": 0.6566135340212973,
            "defesa": -0.866786398459685
        },
        "RB Leipzig": {
            "ataque": 1.3431625544100756,
            "defesa": -1.2348697327922853
        },
        "SC Freiburg": {
            "ataque": 1.1895146712799622,
            "defesa": -0.8872162728197208
        },
        "SV Werder Bremen": {
            "ataque": 1.0137696691572062,
            "defesa": -0.7923748181767037
        },
        "TSG 1899 Hoffenheim": {
            "ataque": 1.4398613618631408,
            "defesa": -0.9722257419032471
        },
        "VfB Stuttgart": {
            "ataque": 1.287422599317204,
            "defesa": -0.734824056355745
        },
        "VfL Wolfsburg": {
            "ataque": 0.8604677841851692,
            "defesa": -0.669844503167258
        }
    }
}