{
    "liga": "PPL",
    "temporada": 2025,
    "data_treinamento": "2025-12-02T00:50:20.874859",
    "vantagem_casa": 0.02516349830919517,
    "forcas": {
        "AVS": {
            "ataque": 0.3855527672718436,
            "defesa": -0.11891431220839971
        },
        "CD Nacional": {
            "ataque": 0.9212464987848611,
            "defesa": -0.9009985891117517
        },
        "CD Santa Clara": {
            "ataque": 0.6386605989170174,
            "defesa": -0.9453526472276496
        },
        "CD Tondela": {
            "ataque": 0.3472328332789526,
            "defesa": -0.6130404320745351
        },
        "CF Estrela da Amadora": {
            "ataque": 0.8564363152099255,
            "defesa": -0.6249012141175334
        },
        "Casa Pia AC": {
            "ataque": 0.9246559788350995,
            "defesa": -0.40696878271427545
        },
        "FC Alverca": {
            "ataque": 0.9420876106776825,
            "defesa": -0.6511886138525101
        },
        "FC Arouca": {
            "ataque": 0.93677853057586,
            "defesa": -0.16357528066905155
        },
        "FC Famalicão": {
            "ataque": 0.8261912094430635,
            "defesa": -1.596883576050451
        },
        "FC Porto": {
            "ataque": 1.57768357023784,
            "defesa": -2.5595275564957456
        },
        "GD Estoril Praia": {
            "ataque": 1.1955669661869341,
            "defesa": -0.6586913303871601
        },
        "Gil Vicente FC": {
            "ataque": 1.1207519694053474,
            "defesa": -1.7366965150139326
        },
        "Moreirense FC": {
            "ataque": 1.3164973721218247,
            "defesa": -0.7865656722873208
        },
        "Rio Ave FC": {
            "ataque": 1.0708490122726475,
            "defesa": -0.586389152110388
        },
        "Sport Lisboa e Benfica": {
            "ataque": 1.4065424853787392,
            "defesa": -1.4748837717455503
        },
        "Sporting Clube de Braga": {
            "ataque": 1.3737258536775978,
            "defesa": -1.2092315542273644
        },
        "Sporting Clube de Portugal": {
            "ataque": 1.7219154544257738,
            "defesa": -1.753716249066322
        },
        "Vitória SC": {
            "ataque": 0.9277091378101358,
            "defesa": -0.7223740955425901
        }
    }
}