{
    "liga": "PD",
    "temporada": 2025,
    "data_treinamento": "2025-12-01T23:47:46.699488",
    "vantagem_casa": 0.2660455915477102,
    "forcas": {
        "Athletic Club": {
            "ataque": 0.7675912201671116,
            "defesa": -1.0265518133503533
        },
        "CA Osasuna": {
            "ataque": 0.7459964720996661,
            "defesa": -0.9992492885411471
        },
        "Club Atlético de Madrid": {
            "ataque": 1.4876552088552164,
            "defesa": -1.4006492009078082
        },
        "Deportivo Alavés": {
            "ataque": 0.628178734264998,
            "defesa": -1.137898618941952
        },
        "Elche CF": {
            "ataque": 0.8891719934553052,
            "defesa": -1.063186911374604
        },
        "FC Barcelona": {
            "ataque": 1.7990832248882995,
            "defesa": -0.9351234833708956
        },
        "Getafe CF": {
            "ataque": 0.6882469042021735,
            "defesa": -1.1503763712498007
        },
        "Girona FC": {
            "ataque": 0.7609304853432652,
            "defesa": -0.6422448765584673
        },
        "Levante UD": {
            "ataque": 1.0062856691066893,
            "defesa": -0.5581427397356473
        },
        "RC Celta de Vigo": {
            "ataque": 0.9851444290675718,
            "defesa": -0.9044855102412713
        },
        "RCD Espanyol de Barcelona": {
            "ataque": 1.0595695922827917,
            "defesa": -1.0582031125481752
        },
        "RCD Mallorca": {
            "ataque": 0.9440030764246252,
            "defesa": -0.893313073856292
        },
        "Rayo Vallecano de Madrid": {
            "ataque": 0.7116056681036689,
            "defesa": -1.2176456104268591
        },
        "Real Betis Balompié": {
            "ataque": 1.2403930943515167,
            "defesa": -1.1973629349197745
        },
        "Real Madrid CF": {
            "ataque": 1.5504483370812827,
            "defesa": -1.278253326100043
        },
        "Real Oviedo": {
            "ataque": 0.14630934843686763,
            "defesa": -0.8222982255372591
        },
        "Real Sociedad de Fútbol": {
            "ataque": 1.1904176329084462,
            "defesa": -0.8347670079934332
        },
        "Sevilla FC": {
            "ataque": 1.1878501039627434,
            "defesa": -0.7374114280189614
        },
        "Valencia CF": {
            "ataque": 0.7509504400046587,
            "defesa": -0.7846830820828659
        },
        "Villarreal CF": {
            "ataque": 1.5565646187115731,
            "defesa": -1.2618245825274093
        }
    }
}