{
    "liga": "PD",
    "temporada": 2025,
    "data_treinamento": "2025-11-10T10:43:43.652216",
    "vantagem_casa": 0.3174782107252991,
    "forcas": {
        "Athletic Club": {
            "ataque": 0.7261950828376106,
            "defesa": -1.0154065888425643
        },
        "CA Osasuna": {
            "ataque": 0.5734636460955491,
            "defesa": -1.2643619574468865
        },
        "Club Atlético de Madrid": {
            "ataque": 1.5435955466470426,
            "defesa": -1.3385882804361633
        },
        "Deportivo Alavés": {
            "ataque": 0.6410622149122098,
            "defesa": -1.2433289190527483
        },
        "Elche CF": {
            "ataque": 0.8254978404616286,
            "defesa": -1.1252697188886087
        },
        "FC Barcelona": {
            "ataque": 1.6989120739970793,
            "defesa": -0.9445560142729377
        },
        "Getafe CF": {
            "ataque": 0.7149607884686708,
            "defesa": -1.0724358041366098
        },
        "Girona FC": {
            "ataque": 0.6460426812949589,
            "defesa": -0.5301888823189858
        },
        "Levante UD": {
            "ataque": 1.1548153135974601,
            "defesa": -0.5961142799681456
        },
        "RC Celta de Vigo": {
            "ataque": 1.0544466090044324,
            "defesa": -0.8157818326694953
        },
        "RCD Espanyol de Barcelona": {
            "ataque": 1.0487618110546155,
            "defesa": -0.9372784561839708
        },
        "RCD Mallorca": {
            "ataque": 0.8164074323275439,
            "defesa": -0.9699388098032715
        },
        "Rayo Vallecano de Madrid": {
            "ataque": 0.8278263091071871,
            "defesa": -1.2190860872711082
        },
        "Real Betis Balompié": {
            "ataque": 1.307943941796564,
            "defesa": -1.1160726946371506
        },
        "Real Madrid CF": {
            "ataque": 1.580981751704258,
            "defesa": -1.4197595217334396
        },
        "Real Oviedo": {
            "ataque": 0.25815224201165354,
            "defesa": -0.7134718326106455
        },
        "Real Sociedad de Fútbol": {
            "ataque": 0.9593823907283073,
            "defesa": -0.915549307918792
        },
        "Sevilla FC": {
            "ataque": 1.296869724982002,
            "defesa": -0.7377009934624438
        },
        "Valencia CF": {
            "ataque": 0.7453431260413188,
            "defesa": -0.6910242362648237
        },
        "Villarreal CF": {
            "ataque": 1.4747863162348485,
            "defesa": -1.4385541238467088
        }
    }
}