{
    "liga": "BL1",
    "temporada": 2025,
    "data_treinamento": "2025-12-29T00:56:30.675699",
    "vantagem_casa": 0.3834936619482443,
    "forcas": {
        "1. FC Heidenheim 1846": {
            "ataque": -0.44852124932427145,
            "defesa": 0.4989291959554176
        },
        "1. FC Köln": {
            "ataque": -0.21133162536695232,
            "defesa": 0.11802595975847444
        },
        "1. FC Union Berlin": {
            "ataque": -0.23613332027540368,
            "defesa": -0.0524978206230827
        },
        "1. FSV Mainz 05": {
            "ataque": -0.33037761528522724,
            "defesa": 0.17871364409304044
        },
        "Bayer 04 Leverkusen": {
            "ataque": 0.4051244075636632,
            "defesa": -0.1541543408441912
        },
        "Borussia Dortmund": {
            "ataque": 0.22648265726341368,
            "defesa": -0.6375337822151812
        },
        "Borussia Mönchengladbach": {
            "ataque": -0.3737764457277488,
            "defesa": 0.049447869281706566
        },
        "Eintracht Frankfurt": {
            "ataque": 0.23221079576404197,
            "defesa": 0.3792358136081325
        },
        "FC Augsburg": {
            "ataque": -0.33944019524637764,
            "defesa": 0.20925930146994348
        },
        "FC Bayern München": {
            "ataque": 0.9646659092979322,
            "defesa": -0.5499367479874055
        },
        "FC St. Pauli 1910": {
            "ataque": -0.644772148874384,
            "defesa": 0.07864563508596778
        },
        "Hamburger SV": {
            "ataque": -0.4095062491448569,
            "defesa": 0.15878576425794363
        },
        "RB Leipzig": {
            "ataque": 0.31764673631844564,
            "defesa": -0.05835244668255671
        },
        "SC Freiburg": {
            "ataque": 0.12908265789234705,
            "defesa": 0.2044959617894839
        },
        "SV Werder Bremen": {
            "ataque": -0.09908560922643471,
            "defesa": 0.24665223119367746
        },
        "TSG 1899 Hoffenheim": {
            "ataque": 0.2995938975561353,
            "defesa": -0.21918755258972522
        },
        "VfB Stuttgart": {
            "ataque": 0.1679877209097675,
            "defesa": 0.06438018507102751
        },
        "VfL Wolfsburg": {
            "ataque": 0.0604483070867899,
            "defesa": 0.37470542527190476
        }
    }
}