{
    "liga": "PPL",
    "temporada": 2025,
    "data_treinamento": "2025-11-27T20:47:08.355186",
    "vantagem_casa": 0.0479811736788008,
    "forcas": {
        "AVS": {
            "ataque": 0.4658388225274153,
            "defesa": -0.21531494549958605
        },
        "CD Nacional": {
            "ataque": 0.8899345102351431,
            "defesa": -0.9492568921524485
        },
        "CD Santa Clara": {
            "ataque": 0.6378566032956485,
            "defesa": -0.905852489877218
        },
        "CD Tondela": {
            "ataque": 0.20955276682184387,
            "defesa": -0.4828211638115682
        },
        "CF Estrela da Amadora": {
            "ataque": 0.867291204316781,
            "defesa": -0.7125143673713226
        },
        "Casa Pia AC": {
            "ataque": 1.0753815488430862,
            "defesa": -0.41885187419006464
        },
        "FC Alverca": {
            "ataque": 0.9149656441041601,
            "defesa": -0.5429652648355052
        },
        "FC Arouca": {
            "ataque": 1.0205320243019316,
            "defesa": -0.18020370980862882
        },
        "FC Famalicão": {
            "ataque": 0.7235221195833861,
            "defesa": -1.8635728857680485
        },
        "FC Porto": {
            "ataque": 1.671406546871641,
            "defesa": -2.4501220819632645
        },
        "GD Estoril Praia": {
            "ataque": 1.2089361061904966,
            "defesa": -0.5635751980178605
        },
        "Gil Vicente FC": {
            "ataque": 1.258613586118222,
            "defesa": -1.8926981359736226
        },
        "Moreirense FC": {
            "ataque": 1.2047039589206132,
            "defesa": -0.8790020064223956
        },
        "Rio Ave FC": {
            "ataque": 1.0657553559130504,
            "defesa": -0.5797339768316084
        },
        "Sport Lisboa e Benfica": {
            "ataque": 1.3745337452637814,
            "defesa": -1.5936008927649223
        },
        "Sporting Clube de Braga": {
            "ataque": 1.321185918246687,
            "defesa": -1.1349971870445807
        },
        "Sporting Clube de Portugal": {
            "ataque": 1.648919701627891,
            "defesa": -1.6809836437438004
        },
        "Vitória SC": {
            "ataque": 0.7250150271598527,
            "defesa": -0.669976709648356
        }
    }
}