{
    "liga": "ELC",
    "temporada": 2025,
    "data_treinamento": "2025-12-11T19:27:46.730589",
    "vantagem_casa": 0.28712363151658343,
    "forcas": {
        "Birmingham City FC": {
            "ataque": 0.08504104112096607,
            "defesa": -0.10124208150173213
        },
        "Blackburn Rovers FC": {
            "ataque": -0.20006261351646354,
            "defesa": -0.10916065168755561
        },
        "Bristol City FC": {
            "ataque": 0.046037035540478756,
            "defesa": -0.10475067724395748
        },
        "Charlton Athletic FC": {
            "ataque": -0.3179592101988988,
            "defesa": 0.0384041140109384
        },
        "Coventry City FC": {
            "ataque": 0.7394645679802924,
            "defesa": -0.09727949217601432
        },
        "Derby County FC": {
            "ataque": 0.05711035447272526,
            "defesa": 0.16343739664416362
        },
        "Hull City AFC": {
            "ataque": 0.27954593175605313,
            "defesa": 0.3322972909976112
        },
        "Ipswich Town FC": {
            "ataque": 0.25145285337669926,
            "defesa": -0.2477391960098086
        },
        "Leicester City FC": {
            "ataque": 0.04920722598238134,
            "defesa": 0.04306465293629409
        },
        "Middlesbrough FC": {
            "ataque": 0.16085152680174736,
            "defesa": -0.19789653549546155
        },
        "Millwall FC": {
            "ataque": -0.07856963954142854,
            "defesa": 0.041036379986843535
        },
        "Norwich City FC": {
            "ataque": -0.20764620105998113,
            "defesa": 0.22088465950855166
        },
        "Oxford United FC": {
            "ataque": -0.2062354950370588,
            "defesa": 0.11444779559710166
        },
        "Portsmouth FC": {
            "ataque": -0.4237738633240096,
            "defesa": 0.08793382912020205
        },
        "Preston North End FC": {
            "ataque": 0.10926134761903003,
            "defesa": -0.20806118428787299
        },
        "Queens Park Rangers FC": {
            "ataque": -0.010014063318271399,
            "defesa": 0.16568473735959402
        },
        "Sheffield United FC": {
            "ataque": -0.044183018869995,
            "defesa": 0.05231525008676655
        },
        "Sheffield Wednesday FC": {
            "ataque": -0.489764527811653,
            "defesa": 0.42479072061559786
        },
        "Southampton FC": {
            "ataque": 0.3682945062013915,
            "defesa": 0.16380040876359966
        },
        "Stoke City FC": {
            "ataque": -0.09148460931198195,
            "defesa": -0.24071310069645627
        },
        "Swansea City AFC": {
            "ataque": -0.19303154249294138,
            "defesa": 0.02923461116956056
        },
        "Watford FC": {
            "ataque": 0.03776297030063246,
            "defesa": -0.0016278027557854653
        },
        "West Bromwich Albion FC": {
            "ataque": -0.03342358766132547,
            "defesa": 0.1067543945965662
        },
        "Wrexham AFC": {
            "ataque": -0.11102304441615489,
            "defesa": -0.17535717968045517
        }
    }
}