{
    "liga": "DED",
    "temporada": 2025,
    "data_treinamento": "2025-11-27T20:26:52.719050",
    "vantagem_casa": 0.2193379638025474,
    "forcas": {
        "AFC Ajax": {
            "ataque": 1.1991540044898035,
            "defesa": -0.8785733945984985
        },
        "AZ": {
            "ataque": 1.3800421695503318,
            "defesa": -0.8809674941084809
        },
        "FC Groningen": {
            "ataque": 1.0197733677101302,
            "defesa": -1.0285457423086244
        },
        "FC Twente '65": {
            "ataque": 1.143674170833726,
            "defesa": -0.9103111722637631
        },
        "FC Utrecht": {
            "ataque": 1.2056473267189483,
            "defesa": -1.0170732005218388
        },
        "FC Volendam": {
            "ataque": 0.9254065068403343,
            "defesa": -0.8014621743092888
        },
        "Feyenoord Rotterdam": {
            "ataque": 1.6271326760789981,
            "defesa": -1.088282913958976
        },
        "Fortuna Sittard": {
            "ataque": 1.1438035787339662,
            "defesa": -0.8765308663681537
        },
        "Go Ahead Eagles": {
            "ataque": 1.1456949480750342,
            "defesa": -0.8371229263951323
        },
        "Heracles Almelo": {
            "ataque": 1.2580171308884995,
            "defesa": -0.282176025978732
        },
        "NAC Breda": {
            "ataque": 0.82043404012114,
            "defesa": -0.9037783344984031
        },
        "NEC": {
            "ataque": 1.6458737313161702,
            "defesa": -0.8487362972433603
        },
        "PEC Zwolle": {
            "ataque": 0.9369150583953733,
            "defesa": -0.5182846434574295
        },
        "PSV": {
            "ataque": 1.8850264711781652,
            "defesa": -1.0337176684600942
        },
        "SBV Excelsior": {
            "ataque": 0.7121630710623602,
            "defesa": -0.8048037896399245
        },
        "SC Heerenveen": {
            "ataque": 1.301816926557544,
            "defesa": -0.7649511316729579
        },
        "Sparta Rotterdam": {
            "ataque": 0.8253514109196493,
            "defesa": -0.7086215769365481
        },
        "Telstar 1963": {
            "ataque": 0.858831792213715,
            "defesa": -0.781175890688808
        }
    }
}