{
    "liga": "SA",
    "temporada": 2025,
    "data_treinamento": "2025-11-05T16:42:02.447526",
    "vantagem_casa": 0.1662759100771542,
    "forcas": {
        "AC Milan": {
            "ataque": 1.3342120126030668,
            "defesa": -1.4606856782357402
        },
        "AC Pisa 1909": {
            "ataque": 0.6207658637149158,
            "defesa": -0.8311526464927822
        },
        "ACF Fiorentina": {
            "ataque": 0.6220343681324962,
            "defesa": -0.7391486161763804
        },
        "AS Roma": {
            "ataque": 0.837225770480142,
            "defesa": -1.7974175083760926
        },
        "Atalanta BC": {
            "ataque": 1.1735414812607423,
            "defesa": -1.321896917057292
        },
        "Bologna FC 1909": {
            "ataque": 1.3651608388277388,
            "defesa": -1.126763783782942
        },
        "Cagliari Calcio": {
            "ataque": 0.7236738406232449,
            "defesa": -0.7772942785688873
        },
        "Como 1907": {
            "ataque": 1.1030794092746865,
            "defesa": -1.5949749257260393
        },
        "FC Internazionale Milano": {
            "ataque": 1.7073801540415383,
            "defesa": -0.870635789303666
        },
        "Genoa CFC": {
            "ataque": 0.4546393722034782,
            "defesa": -0.8111293267429829
        },
        "Hellas Verona FC": {
            "ataque": 0.4583792092352114,
            "defesa": -0.7056718399809783
        },
        "Juventus FC": {
            "ataque": 1.2796738405196977,
            "defesa": -1.1383230043354828
        },
        "Parma Calcio 1913": {
            "ataque": 0.2662419997494975,
            "defesa": -0.8999174987719532
        },
        "SS Lazio": {
            "ataque": 1.1585036257226622,
            "defesa": -1.3691539064223126
        },
        "SSC Napoli": {
            "ataque": 1.2802919568916304,
            "defesa": -1.305528471770599
        },
        "Torino FC": {
            "ataque": 0.9844086857744444,
            "defesa": -0.6800514544271787
        },
        "US Cremonese": {
            "ataque": 1.0931197161530797,
            "defesa": -0.9771208838887436
        },
        "US Lecce": {
            "ataque": 0.6885179926302974,
            "defesa": -0.7305278495326547
        },
        "US Sassuolo Calcio": {
            "ataque": 0.9759258089071243,
            "defesa": -0.9253981086564369
        },
        "Udinese Calcio": {
            "ataque": 1.0496973992186223,
            "defesa": -0.760736703641444
        }
    }
}