{
    "liga": "ELC",
    "temporada": 2025,
    "data_treinamento": "2025-12-29T00:57:21.265254",
    "vantagem_casa": 0.3149957651269705,
    "forcas": {
        "Birmingham City FC": {
            "ataque": 0.0778607068901625,
            "defesa": 0.057399026385645646
        },
        "Blackburn Rovers FC": {
            "ataque": -0.2337277129447186,
            "defesa": -0.12002459122841283
        },
        "Bristol City FC": {
            "ataque": 0.0024178902574561924,
            "defesa": -0.14700493293594116
        },
        "Charlton Athletic FC": {
            "ataque": -0.260592606290145,
            "defesa": -0.018147818372582933
        },
        "Coventry City FC": {
            "ataque": 0.613418610726661,
            "defesa": -0.275740159624618
        },
        "Derby County FC": {
            "ataque": 0.04511816438573838,
            "defesa": 0.023448801501373247
        },
        "Hull City AFC": {
            "ataque": 0.30201520272435184,
            "defesa": 0.26399771588307563
        },
        "Ipswich Town FC": {
            "ataque": 0.2657710502063364,
            "defesa": -0.28170963293822354
        },
        "Leicester City FC": {
            "ataque": 0.14764704496572129,
            "defesa": 0.11061903549269103
        },
        "Middlesbrough FC": {
            "ataque": 0.13088185995773655,
            "defesa": -0.18838243576633523
        },
        "Millwall FC": {
            "ataque": -0.25180429744195554,
            "defesa": 0.04455164422193356
        },
        "Norwich City FC": {
            "ataque": -0.11721371081719709,
            "defesa": 0.19148422541070467
        },
        "Oxford United FC": {
            "ataque": -0.13855219032231159,
            "defesa": 0.07820877168159242
        },
        "Portsmouth FC": {
            "ataque": -0.4104983528400692,
            "defesa": -0.031723206408662954
        },
        "Preston North End FC": {
            "ataque": 0.007172785898121483,
            "defesa": -0.21422450853657876
        },
        "Queens Park Rangers FC": {
            "ataque": 0.17705987528094586,
            "defesa": 0.15104694989606607
        },
        "Sheffield United FC": {
            "ataque": 0.097658168192006,
            "defesa": 0.2023647298783692
        },
        "Sheffield Wednesday FC": {
            "ataque": -0.4040921404161836,
            "defesa": 0.4485786064813358
        },
        "Southampton FC": {
            "ataque": 0.29975079169076196,
            "defesa": 0.052211276490379016
        },
        "Stoke City FC": {
            "ataque": -0.08658326821502778,
            "defesa": -0.37056994807730953
        },
        "Swansea City AFC": {
            "ataque": -0.27244937872648156,
            "defesa": 0.049339651956393726
        },
        "Watford FC": {
            "ataque": 0.07658720963306885,
            "defesa": 0.017907166762809634
        },
        "West Bromwich Albion FC": {
            "ataque": -0.08308286482720169,
            "defesa": 0.005607766509633562
        },
        "Wrexham AFC": {
            "ataque": 0.04166679629709075,
            "defesa": 0.03726389738212358
        }
    }
}