{
    "liga": "BL1",
    "temporada": 2025,
    "data_treinamento": "2025-12-22T07:30:05.270028",
    "vantagem_casa": 0.17170884199812886,
    "forcas": {
        "1. FC Heidenheim 1846": {
            "ataque": -0.3610613058653259,
            "defesa": 0.47781634569887543
        },
        "1. FC Köln": {
            "ataque": 0.10544450139510625,
            "defesa": 0.2305076728053835
        },
        "1. FC Union Berlin": {
            "ataque": 0.03443917756595936,
            "defesa": 0.0764224273569943
        },
        "1. FSV Mainz 05": {
            "ataque": -0.38048709634392225,
            "defesa": 0.18785205428218152
        },
        "Bayer 04 Leverkusen": {
            "ataque": 0.5271708575754057,
            "defesa": -0.0028667585922840214
        },
        "Borussia Dortmund": {
            "ataque": 0.30089332228608573,
            "defesa": -0.5222630076650224
        },
        "Borussia Mönchengladbach": {
            "ataque": -0.06663561736865226,
            "defesa": 0.16986848493424206
        },
        "Eintracht Frankfurt": {
            "ataque": 0.40255751263735573,
            "defesa": 0.4266867961770979
        },
        "FC Augsburg": {
            "ataque": -0.1548804053135897,
            "defesa": 0.28520234624320645
        },
        "FC Bayern München": {
            "ataque": 1.030964253481955,
            "defesa": -0.48984390788093546
        },
        "FC St. Pauli 1910": {
            "ataque": -0.4052890647124128,
            "defesa": 0.22893735019285189
        },
        "Hamburger SV": {
            "ataque": -0.18206912305924502,
            "defesa": 0.23213206767677722
        },
        "RB Leipzig": {
            "ataque": 0.4429299534531521,
            "defesa": -0.06834629926370785
        },
        "SC Freiburg": {
            "ataque": 0.2810198442597811,
            "defesa": 0.2505912548072236
        },
        "SV Werder Bremen": {
            "ataque": -0.12185887197077379,
            "defesa": 0.33177307934910355
        },
        "TSG 1899 Hoffenheim": {
            "ataque": 0.4117421196803025,
            "defesa": -0.033911672419269866
        },
        "VfB Stuttgart": {
            "ataque": 0.28393799444316037,
            "defesa": 0.13980390852448596
        },
        "VfL Wolfsburg": {
            "ataque": 0.18116885725227141,
            "defesa": 0.40959788705611166
        }
    }
}