{
    "liga": "SA",
    "temporada": 2025,
    "data_treinamento": "2025-11-10T11:00:52.206297",
    "vantagem_casa": 0.18409149594585428,
    "forcas": {
        "AC Milan": {
            "ataque": 1.3441570939608651,
            "defesa": -1.2307144041888733
        },
        "AC Pisa 1909": {
            "ataque": 0.6121401324674802,
            "defesa": -0.9107331315687032
        },
        "ACF Fiorentina": {
            "ataque": 0.8172964154906006,
            "defesa": -0.6730518952034478
        },
        "AS Roma": {
            "ataque": 0.908441430253336,
            "defesa": -1.9363743911550724
        },
        "Atalanta BC": {
            "ataque": 1.0632497588689145,
            "defesa": -1.0319378837269075
        },
        "Bologna FC 1909": {
            "ataque": 1.416445526065584,
            "defesa": -1.2887175230836763
        },
        "Cagliari Calcio": {
            "ataque": 0.6858226254421372,
            "defesa": -0.9063070087290241
        },
        "Como 1907": {
            "ataque": 0.9374941086854535,
            "defesa": -1.6620250881111596
        },
        "FC Internazionale Milano": {
            "ataque": 1.7370814408968114,
            "defesa": -0.9613770496247757
        },
        "Genoa CFC": {
            "ataque": 0.627798174967293,
            "defesa": -0.7159514198566618
        },
        "Hellas Verona FC": {
            "ataque": 0.38322291279509246,
            "defesa": -0.7443555647799507
        },
        "Juventus FC": {
            "ataque": 1.0825514990247798,
            "defesa": -1.1959727399749707
        },
        "Parma Calcio 1913": {
            "ataque": 0.5578169036264731,
            "defesa": -0.8156747437814591
        },
        "SS Lazio": {
            "ataque": 1.093144950079338,
            "defesa": -1.3149754397609665
        },
        "SSC Napoli": {
            "ataque": 1.2458504855433792,
            "defesa": -1.2467711704926019
        },
        "Torino FC": {
            "ataque": 0.8648257657729811,
            "defesa": -0.8367272324174824
        },
        "US Cremonese": {
            "ataque": 0.9459799619382921,
            "defesa": -0.9652549873018905
        },
        "US Lecce": {
            "ataque": 0.5092506759416655,
            "defesa": -0.8373040952204166
        },
        "US Sassuolo Calcio": {
            "ataque": 1.1490985524438295,
            "defesa": -1.0280607656804714
        },
        "Udinese Calcio": {
            "ataque": 1.023649859831543,
            "defesa": -0.6923677143231618
        }
    }
}