{
    "liga": "PPL",
    "temporada": 2025,
    "data_treinamento": "2025-12-11T19:28:28.661698",
    "vantagem_casa": 0.05730018766446312,
    "forcas": {
        "AVS": {
            "ataque": -0.5864803213271766,
            "defesa": 0.8463672417475693
        },
        "CD Nacional": {
            "ataque": -0.21647804100002094,
            "defesa": 0.07426869396406174
        },
        "CD Santa Clara": {
            "ataque": -0.3928548857209436,
            "defesa": -0.03472852572479997
        },
        "CD Tondela": {
            "ataque": -0.6588538263529417,
            "defesa": 0.3419690050255968
        },
        "CF Estrela da Amadora": {
            "ataque": -0.06591563435311751,
            "defesa": 0.36709907803790864
        },
        "Casa Pia AC": {
            "ataque": -0.1736804967624226,
            "defesa": 0.5522898939983639
        },
        "FC Alverca": {
            "ataque": -0.048778487448848336,
            "defesa": 0.27409968999314105
        },
        "FC Arouca": {
            "ataque": -0.11210357847890288,
            "defesa": 0.8458008202073738
        },
        "FC Famalicão": {
            "ataque": -0.1373464255221034,
            "defesa": -0.42563043439827825
        },
        "FC Porto": {
            "ataque": 0.5346440320185935,
            "defesa": -1.597793438347686
        },
        "GD Estoril Praia": {
            "ataque": 0.27548199233559384,
            "defesa": 0.4174490431388546
        },
        "Gil Vicente FC": {
            "ataque": 0.02076811624509208,
            "defesa": -0.8458688916100761
        },
        "Moreirense FC": {
            "ataque": 0.3735023999060754,
            "defesa": 0.30086032686483033
        },
        "Rio Ave FC": {
            "ataque": 0.0227346767128169,
            "defesa": 0.39036924072807416
        },
        "Sport Lisboa e Benfica": {
            "ataque": 0.4393935394902126,
            "defesa": -0.48489063499082546
        },
        "Sporting Clube de Braga": {
            "ataque": 0.4298478134992032,
            "defesa": -0.16868375021752172
        },
        "Sporting Clube de Portugal": {
            "ataque": 0.696503804049523,
            "defesa": -0.729202571812832
        },
        "Vitória SC": {
            "ataque": -0.12291367470514564,
            "defesa": 0.15366556258643455
        }
    }
}