{
    "liga": "DED",
    "temporada": 2025,
    "data_treinamento": "2025-12-02T00:32:07.439115",
    "vantagem_casa": 0.2364408963386238,
    "forcas": {
        "AFC Ajax": {
            "ataque": 1.2090361512370795,
            "defesa": -0.8760700182413022
        },
        "AZ": {
            "ataque": 1.3205298032405184,
            "defesa": -0.9118015537764339
        },
        "FC Groningen": {
            "ataque": 1.0287553605139441,
            "defesa": -1.0193610881360882
        },
        "FC Twente '65": {
            "ataque": 1.123124620532982,
            "defesa": -0.9902441725444562
        },
        "FC Utrecht": {
            "ataque": 1.234206268615829,
            "defesa": -0.97869948890401
        },
        "FC Volendam": {
            "ataque": 0.8791062439548954,
            "defesa": -0.8272790745887026
        },
        "Feyenoord Rotterdam": {
            "ataque": 1.6188522433594357,
            "defesa": -1.080133611315245
        },
        "Fortuna Sittard": {
            "ataque": 1.0434705406414855,
            "defesa": -0.8999942953837863
        },
        "Go Ahead Eagles": {
            "ataque": 1.1796781020464486,
            "defesa": -0.8060513359925292
        },
        "Heracles Almelo": {
            "ataque": 1.2389780155647963,
            "defesa": -0.33782019059223106
        },
        "NAC Breda": {
            "ataque": 0.7596157920925419,
            "defesa": -0.8990117422942923
        },
        "NEC": {
            "ataque": 1.6496065488070482,
            "defesa": -0.8430376484286621
        },
        "PEC Zwolle": {
            "ataque": 0.9705359480439211,
            "defesa": -0.5554783845427571
        },
        "PSV": {
            "ataque": 1.8720827645601812,
            "defesa": -1.0873108851045261
        },
        "SBV Excelsior": {
            "ataque": 0.7146225203611819,
            "defesa": -0.8476055468262301
        },
        "SC Heerenveen": {
            "ataque": 1.2503761073475235,
            "defesa": -0.7393036863794997
        },
        "Sparta Rotterdam": {
            "ataque": 0.8375611573453242,
            "defesa": -0.71823648925415
        },
        "Telstar 1963": {
            "ataque": 0.8606069387302088,
            "defesa": -0.7918256132487724
        }
    }
}