{
    "liga": "CL",
    "temporada": 2025,
    "data_treinamento": "2025-12-22T07:29:55.055269",
    "vantagem_casa": 0.23617177447697793,
    "forcas": {
        "AFC Ajax": {
            "ataque": -0.4273434893163715,
            "defesa": 0.9348888490589232
        },
        "AS Monaco FC": {
            "ataque": -0.11372881748515278,
            "defesa": 0.07464109612237364
        },
        "Arsenal FC": {
            "ataque": 0.8411316878556723,
            "defesa": -2.1211965141736613
        },
        "Atalanta BC": {
            "ataque": -0.006528451038850125,
            "defesa": -0.6477788927289254
        },
        "Athletic Club": {
            "ataque": -0.8207097802239522,
            "defesa": -0.34254914144710374
        },
        "Bayer 04 Leverkusen": {
            "ataque": 0.24932077734899386,
            "defesa": 0.09961664913442023
        },
        "Borussia Dortmund": {
            "ataque": 0.6585052494722528,
            "defesa": 0.7410803014438151
        },
        "Chelsea FC": {
            "ataque": 0.3232707234431621,
            "defesa": -0.11665693766420829
        },
        "Club Atlético de Madrid": {
            "ataque": 0.717902329420843,
            "defesa": 0.14391608474920065
        },
        "Club Brugge KV": {
            "ataque": 0.5236106873255841,
            "defesa": 0.3258852630001145
        },
        "Eintracht Frankfurt": {
            "ataque": 0.14706273876307374,
            "defesa": 0.6206068137386882
        },
        "FC Barcelona": {
            "ataque": 0.5034317637675554,
            "defesa": -0.05433566657647189
        },
        "FC Bayern München": {
            "ataque": 1.0779907524791585,
            "defesa": -0.5769305536174116
        },
        "FC Internazionale Milano": {
            "ataque": 0.10569298342053128,
            "defesa": -0.5261590803397371
        },
        "FC København": {
            "ataque": -0.15012710140188654,
            "defesa": 0.8348651580993792
        },
        "FK Bodø/Glimt": {
            "ataque": 0.03217131376071158,
            "defesa": 0.5630956057329423
        },
        "FK Kairat": {
            "ataque": -0.7259082722708944,
            "defesa": 0.7439322588475794
        },
        "Galatasaray SK": {
            "ataque": -0.3027547957934596,
            "defesa": 0.12655674388976293
        },
        "Juventus FC": {
            "ataque": 0.21838868420829385,
            "defesa": 0.25598352564056764
        },
        "Liverpool FC": {
            "ataque": 0.3063599737035337,
            "defesa": -0.1456063515086881
        },
        "Manchester City FC": {
            "ataque": 0.22773033436295997,
            "defesa": -0.2208405185078704
        },
        "Newcastle United FC": {
            "ataque": 0.6325954688247468,
            "defesa": -0.18502056864958039
        },
        "Olympique de Marseille": {
            "ataque": 0.30041498230470154,
            "defesa": -0.06723922703852263
        },
        "PAE Olympiakos SFP": {
            "ataque": -0.22526813534313941,
            "defesa": 0.32291075405125924
        },
        "PSV": {
            "ataque": 0.5931662097781298,
            "defesa": 0.2990483795951222
        },
        "Paphos FC": {
            "ataque": -0.788314638004479,
            "defesa": 0.19782584287903957
        },
        "Paris Saint-Germain FC": {
            "ataque": 1.288805641930231,
            "defesa": -0.15173269262846117
        },
        "Qarabağ Ağdam FK": {
            "ataque": -0.059590033191103293,
            "defesa": 0.9879788150322306
        },
        "Real Madrid CF": {
            "ataque": 0.4585151155357916,
            "defesa": 0.004402400443147561
        },
        "Royale Union Saint-Gilloise": {
            "ataque": 0.05427897730161428,
            "defesa": 0.3937871970202762
        },
        "SK Slavia Praha": {
            "ataque": -1.0016684087035574,
            "defesa": 0.30422107974140244
        },
        "SSC Napoli": {
            "ataque": -0.5223070017566852,
            "defesa": 0.3104376803366525
        },
        "Sport Lisboa e Benfica": {
            "ataque": -0.5647479814931208,
            "defesa": 0.0008603054245480444
        },
        "Sporting Clube de Portugal": {
            "ataque": 0.31165076002200504,
            "defesa": -0.2023851117448635
        },
        "Tottenham Hotspur FC": {
            "ataque": 0.24459816768656334,
            "defesa": -0.21023440028128368
        },
        "Villarreal CF": {
            "ataque": -0.8859374289854456,
            "defesa": 0.5037779276638582
        }
    }
}