{
    "liga": "FL1",
    "temporada": 2025,
    "data_treinamento": "2025-12-11T19:27:39.194680",
    "vantagem_casa": 0.46516323088764944,
    "forcas": {
        "AJ Auxerre": {
            "ataque": -0.6230440511149584,
            "defesa": 0.01895459765914747
        },
        "AS Monaco FC": {
            "ataque": 0.2099576214374433,
            "defesa": 0.3293187547601573
        },
        "Angers SCO": {
            "ataque": -0.4350375826168348,
            "defesa": -0.31114452118300806
        },
        "FC Lorient": {
            "ataque": -0.029969712751343934,
            "defesa": 0.33188896928646483
        },
        "FC Metz": {
            "ataque": -0.22315433245475613,
            "defesa": 0.5216291331060929
        },
        "FC Nantes": {
            "ataque": -0.4827281733955834,
            "defesa": 0.20490462526638312
        },
        "Le Havre AC": {
            "ataque": -0.5350412900506639,
            "defesa": -0.04364439352110376
        },
        "Lille OSC": {
            "ataque": 0.33555564284990147,
            "defesa": -0.1671904220773263
        },
        "OGC Nice": {
            "ataque": -0.06730346920595849,
            "defesa": 0.3057814715153299
        },
        "Olympique Lyonnais": {
            "ataque": 0.06232233546488505,
            "defesa": -0.25700597267249686
        },
        "Olympique de Marseille": {
            "ataque": 0.5893060361909642,
            "defesa": -0.3016594195578561
        },
        "Paris FC": {
            "ataque": -0.005175850222257926,
            "defesa": 0.2243161572114513
        },
        "Paris Saint-Germain FC": {
            "ataque": 0.5039813591568779,
            "defesa": -0.5609096262800722
        },
        "RC Strasbourg Alsace": {
            "ataque": 0.27199669197578996,
            "defesa": -0.058967441595411375
        },
        "Racing Club de Lens": {
            "ataque": 0.26779840550750555,
            "defesa": -0.4392468315995429
        },
        "Stade Brestois 29": {
            "ataque": -0.05201654640735622,
            "defesa": 0.12457026437871516
        },
        "Stade Rennais FC 1901": {
            "ataque": 0.2025590217539682,
            "defesa": 0.15254290742592141
        },
        "Toulouse FC": {
            "ataque": -0.00763121158004025,
            "defesa": -0.09175195380711011
        }
    }
}