{
    "liga": "PL",
    "temporada": 2025,
    "data_treinamento": "2025-11-27T20:52:04.941537",
    "vantagem_casa": 0.3476350359906609,
    "forcas": {
        "AFC Bournemouth": {
            "ataque": 1.124220350485532,
            "defesa": -0.6641710633238418
        },
        "Arsenal FC": {
            "ataque": 1.4066390802191815,
            "defesa": -1.8735481775551617
        },
        "Aston Villa FC": {
            "ataque": 1.0028737412029216,
            "defesa": -1.30303416555393
        },
        "Brentford FC": {
            "ataque": 1.242640273284117,
            "defesa": -0.7987424945486501
        },
        "Brighton & Hove Albion FC": {
            "ataque": 1.1983301563194744,
            "defesa": -0.9404825326546908
        },
        "Burnley FC": {
            "ataque": 0.904223950917551,
            "defesa": -0.5733379242327916
        },
        "Chelsea FC": {
            "ataque": 1.297332050291641,
            "defesa": -1.320822660735003
        },
        "Crystal Palace FC": {
            "ataque": 0.9947909230048472,
            "defesa": -1.5274179378594952
        },
        "Everton FC": {
            "ataque": 0.8102762984037108,
            "defesa": -1.1507500697111055
        },
        "Fulham FC": {
            "ataque": 0.82147088737912,
            "defesa": -0.9393314133169498
        },
        "Leeds United FC": {
            "ataque": 0.5990056605118995,
            "defesa": -0.548035726503205
        },
        "Liverpool FC": {
            "ataque": 1.227142445079969,
            "defesa": -0.7799580094975823
        },
        "Manchester City FC": {
            "ataque": 1.3831225292137956,
            "defesa": -1.443107900366272
        },
        "Manchester United FC": {
            "ataque": 1.3184962105037161,
            "defesa": -0.8496514887811938
        },
        "Newcastle United FC": {
            "ataque": 0.7660520298722832,
            "defesa": -1.004326768111178
        },
        "Nottingham Forest FC": {
            "ataque": 0.7936554022476131,
            "defesa": -0.7776891134353721
        },
        "Sunderland AFC": {
            "ataque": 0.8800924998619426,
            "defesa": -1.3010659192751253
        },
        "Tottenham Hotspur FC": {
            "ataque": 1.184588122518221,
            "defesa": -1.0850315110300097
        },
        "West Ham United FC": {
            "ataque": 1.0276245038377343,
            "defesa": -0.4836547805581919
        },
        "Wolverhampton Wanderers FC": {
            "ataque": 0.2517001096928621,
            "defesa": -0.40154967535554076
        }
    }
}