{
    "liga": "FL1",
    "temporada": 2025,
    "data_treinamento": "2025-12-29T00:57:13.791474",
    "vantagem_casa": 0.4453115382095381,
    "forcas": {
        "AJ Auxerre": {
            "ataque": -0.41212244687747346,
            "defesa": 0.15363326640923924
        },
        "AS Monaco FC": {
            "ataque": 0.1643481552155799,
            "defesa": 0.21287654119658286
        },
        "Angers SCO": {
            "ataque": -0.246183351167364,
            "defesa": -0.25917381779918663
        },
        "FC Lorient": {
            "ataque": -0.08493049485343766,
            "defesa": 0.2357860558596613
        },
        "FC Metz": {
            "ataque": -0.14420529650766145,
            "defesa": 0.5293156979652177
        },
        "FC Nantes": {
            "ataque": -0.431227624556203,
            "defesa": 0.3230789836178906
        },
        "Le Havre AC": {
            "ataque": -0.5807258602323854,
            "defesa": -0.058386845786824335
        },
        "Lille OSC": {
            "ataque": 0.4344429622564448,
            "defesa": -0.008651338518752364
        },
        "OGC Nice": {
            "ataque": -0.11620232895318706,
            "defesa": 0.27777735243126256
        },
        "Olympique Lyonnais": {
            "ataque": 0.020427149408479756,
            "defesa": -0.285042844178194
        },
        "Olympique de Marseille": {
            "ataque": 0.5110879640002783,
            "defesa": -0.3653368314744589
        },
        "Paris FC": {
            "ataque": -0.07167442035307782,
            "defesa": 0.30229286728680826
        },
        "Paris Saint-Germain FC": {
            "ataque": 0.5188840749453301,
            "defesa": -0.44520027072517776
        },
        "RC Strasbourg Alsace": {
            "ataque": 0.13800726883253328,
            "defesa": -0.10751168239336059
        },
        "Racing Club de Lens": {
            "ataque": 0.23476748430379724,
            "defesa": -0.48824287716146536
        },
        "Stade Brestois 29": {
            "ataque": -0.04918777698952903,
            "defesa": 0.17986267541091205
        },
        "Stade Rennais FC 1901": {
            "ataque": 0.24662036566139311,
            "defesa": 0.16088107360486228
        },
        "Toulouse FC": {
            "ataque": 0.06987515882237331,
            "defesa": -0.15585160471714576
        }
    }
}