{
    "liga": "PPL",
    "temporada": 2025,
    "data_treinamento": "2025-12-29T00:58:04.345048",
    "vantagem_casa": 0.10870036574101298,
    "forcas": {
        "AVS": {
            "ataque": -0.47824608797384205,
            "defesa": 0.8362767831952368
        },
        "CD Nacional": {
            "ataque": -0.08989304465684088,
            "defesa": 0.13308712196988287
        },
        "CD Santa Clara": {
            "ataque": -0.6064724541436675,
            "defesa": -0.17357160911708233
        },
        "CD Tondela": {
            "ataque": -0.6074102161971613,
            "defesa": 0.4123442033669751
        },
        "CF Estrela da Amadora": {
            "ataque": 0.026478471783958873,
            "defesa": 0.27684392938106867
        },
        "Casa Pia AC": {
            "ataque": -0.16136143273288972,
            "defesa": 0.4351854103293531
        },
        "FC Alverca": {
            "ataque": -0.22213549655848774,
            "defesa": 0.3535518057383001
        },
        "FC Arouca": {
            "ataque": -0.09828978803889081,
            "defesa": 0.6999073949798789
        },
        "FC Famalicão": {
            "ataque": 0.03362308780129152,
            "defesa": -0.3268198743287378
        },
        "FC Porto": {
            "ataque": 0.5690815740248254,
            "defesa": -1.4577670040036026
        },
        "GD Estoril Praia": {
            "ataque": 0.3092282442821363,
            "defesa": 0.38684876488006287
        },
        "Gil Vicente FC": {
            "ataque": -0.0051023644774067164,
            "defesa": -0.41417460445041404
        },
        "Moreirense FC": {
            "ataque": 0.23118626595973296,
            "defesa": 0.2765502369372466
        },
        "Rio Ave FC": {
            "ataque": 0.002705254955937569,
            "defesa": 0.3862386642982745
        },
        "Sport Lisboa e Benfica": {
            "ataque": 0.5211114532974079,
            "defesa": -0.5617835785140556
        },
        "Sporting Clube de Braga": {
            "ataque": 0.34844130216373553,
            "defesa": -0.21640335948786382
        },
        "Sporting Clube de Portugal": {
            "ataque": 0.7878425852607118,
            "defesa": -0.7852581282675366
        },
        "Vitória SC": {
            "ataque": -0.2150081953633791,
            "defesa": 0.08473610758073342
        }
    }
}