{
    "liga": "ELC",
    "temporada": 2025,
    "data_treinamento": "2025-12-22T07:30:27.397171",
    "vantagem_casa": 0.19041830635086998,
    "forcas": {
        "Birmingham City FC": {
            "ataque": 0.1393693331659306,
            "defesa": 0.07905790129921639
        },
        "Blackburn Rovers FC": {
            "ataque": -0.12178081006288323,
            "defesa": -0.009104157399518786
        },
        "Bristol City FC": {
            "ataque": 0.0922826827967605,
            "defesa": -0.11132476212722073
        },
        "Charlton Athletic FC": {
            "ataque": -0.17612222718120085,
            "defesa": -0.0116853424529846
        },
        "Coventry City FC": {
            "ataque": 0.6913087741037103,
            "defesa": -0.12719973442508714
        },
        "Derby County FC": {
            "ataque": 0.14971497260779174,
            "defesa": 0.12461103865480491
        },
        "Hull City AFC": {
            "ataque": 0.36684589110727783,
            "defesa": 0.26079868741173956
        },
        "Ipswich Town FC": {
            "ataque": 0.35003903166054007,
            "defesa": -0.14280770718006935
        },
        "Leicester City FC": {
            "ataque": 0.18641209404871079,
            "defesa": 0.1650650179762171
        },
        "Middlesbrough FC": {
            "ataque": 0.2317090192125354,
            "defesa": -0.09438053456391396
        },
        "Millwall FC": {
            "ataque": -0.058387568085982056,
            "defesa": 0.16671777061319765
        },
        "Norwich City FC": {
            "ataque": -0.04381403287776251,
            "defesa": 0.24274483971284708
        },
        "Oxford United FC": {
            "ataque": -0.16774440992442244,
            "defesa": 0.1478764259850308
        },
        "Portsmouth FC": {
            "ataque": -0.3311017996793345,
            "defesa": 0.07970345666341079
        },
        "Preston North End FC": {
            "ataque": 0.10926413054087411,
            "defesa": -0.12998140732714505
        },
        "Queens Park Rangers FC": {
            "ataque": 0.2077754116746154,
            "defesa": 0.22109694265913502
        },
        "Sheffield United FC": {
            "ataque": 0.09554337010676366,
            "defesa": 0.11564832676953632
        },
        "Sheffield Wednesday FC": {
            "ataque": -0.4329110568269654,
            "defesa": 0.5098161298837962
        },
        "Southampton FC": {
            "ataque": 0.3316369730013888,
            "defesa": 0.14754750184382995
        },
        "Stoke City FC": {
            "ataque": 0.039352874779561745,
            "defesa": -0.23126800456865942
        },
        "Swansea City AFC": {
            "ataque": -0.10014688272044402,
            "defesa": 0.17053750578396606
        },
        "Watford FC": {
            "ataque": 0.1640711615306092,
            "defesa": 0.05905163434703628
        },
        "West Bromwich Albion FC": {
            "ataque": -0.05776904373398071,
            "defesa": 0.059553496328606216
        },
        "Wrexham AFC": {
            "ataque": 0.00953817401890243,
            "defesa": -0.017059951608267156
        }
    }
}