{
    "liga": "PD",
    "temporada": 2025,
    "data_treinamento": "2025-12-22T07:30:11.665489",
    "vantagem_casa": 0.3171418715730937,
    "forcas": {
        "Athletic Club": {
            "ataque": -0.33892299678305127,
            "defesa": -0.024004308760802784
        },
        "CA Osasuna": {
            "ataque": -0.1384171975513644,
            "defesa": -0.15720547115311415
        },
        "Club Atlético de Madrid": {
            "ataque": 0.420644731112936,
            "defesa": -0.35016540558338644
        },
        "Deportivo Alavés": {
            "ataque": -0.3947189876106999,
            "defesa": -0.07556097871430172
        },
        "Elche CF": {
            "ataque": 0.11877193073529817,
            "defesa": -0.054756165782631296
        },
        "FC Barcelona": {
            "ataque": 0.8665423035929563,
            "defesa": -0.08878471570350785
        },
        "Getafe CF": {
            "ataque": -0.4702359259134686,
            "defesa": -0.045948369366429966
        },
        "Girona FC": {
            "ataque": -0.2728269712068953,
            "defesa": 0.3666164464219237
        },
        "Levante UD": {
            "ataque": -0.09390301526346419,
            "defesa": 0.4010458813049868
        },
        "RC Celta de Vigo": {
            "ataque": 0.015043202381833487,
            "defesa": -0.12326974108136969
        },
        "RCD Espanyol de Barcelona": {
            "ataque": 0.04656582784225929,
            "defesa": -0.16879291558382772
        },
        "RCD Mallorca": {
            "ataque": -0.012802073171096122,
            "defesa": 0.05454025057420133
        },
        "Rayo Vallecano de Madrid": {
            "ataque": -0.4481534736852866,
            "defesa": -0.12596916436778072
        },
        "Real Betis Balompié": {
            "ataque": 0.3557061174491449,
            "defesa": -0.10289057631654486
        },
        "Real Madrid CF": {
            "ataque": 0.5209274515081262,
            "defesa": -0.2902553855821909
        },
        "Real Oviedo": {
            "ataque": -1.0849368297201334,
            "defesa": 0.16023724629881542
        },
        "Real Sociedad de Fútbol": {
            "ataque": 0.04807486398409418,
            "defesa": 0.14383633974166646
        },
        "Sevilla FC": {
            "ataque": 0.21118263536297346,
            "defesa": 0.17701933919348975
        },
        "Valencia CF": {
            "ataque": -0.26140268334504585,
            "defesa": 0.15653952755404674
        },
        "Villarreal CF": {
            "ataque": 0.47255490813517537,
            "defesa": -0.2921872862812948
        }
    }
}