{
    "liga": "PL",
    "temporada": 2025,
    "data_treinamento": "2025-11-10T11:03:07.086639",
    "vantagem_casa": 0.3893434847522631,
    "forcas": {
        "AFC Bournemouth": {
            "ataque": 1.153653015879833,
            "defesa": -0.7121903504221357
        },
        "Arsenal FC": {
            "ataque": 1.2633737947412502,
            "defesa": -2.0143201391756014
        },
        "Aston Villa FC": {
            "ataque": 0.9699665077280283,
            "defesa": -1.376216944172751
        },
        "Brentford FC": {
            "ataque": 1.2417434116345547,
            "defesa": -0.7982286684849446
        },
        "Brighton & Hove Albion FC": {
            "ataque": 1.1999086395827774,
            "defesa": -0.9436103200155547
        },
        "Burnley FC": {
            "ataque": 0.9843255269374604,
            "defesa": -0.5876258355502685
        },
        "Chelsea FC": {
            "ataque": 1.2844755855508145,
            "defesa": -1.2419362535987923
        },
        "Crystal Palace FC": {
            "ataque": 0.947202196594127,
            "defesa": -1.4736279655162985
        },
        "Everton FC": {
            "ataque": 0.8080987889388727,
            "defesa": -1.029939090665586
        },
        "Fulham FC": {
            "ataque": 0.7917730016589092,
            "defesa": -0.88026832719519
        },
        "Leeds United FC": {
            "ataque": 0.5364302140935052,
            "defesa": -0.5491097998745517
        },
        "Liverpool FC": {
            "ataque": 1.3653675379255263,
            "defesa": -0.9213153745408571
        },
        "Manchester City FC": {
            "ataque": 1.421428535761279,
            "defesa": -1.6366616010374482
        },
        "Manchester United FC": {
            "ataque": 1.4205915609991593,
            "defesa": -0.8704359518068222
        },
        "Newcastle United FC": {
            "ataque": 0.6260671141493724,
            "defesa": -0.9693486925138037
        },
        "Nottingham Forest FC": {
            "ataque": 0.5604765062842929,
            "defesa": -0.648952890115743
        },
        "Sunderland AFC": {
            "ataque": 0.9089222392760943,
            "defesa": -1.3154031861601978
        },
        "Tottenham Hotspur FC": {
            "ataque": 1.134734904117742,
            "defesa": -1.3176029387017596
        },
        "West Ham United FC": {
            "ataque": 0.9487127953265655,
            "defesa": -0.4161132979012762
        },
        "Wolverhampton Wanderers FC": {
            "ataque": 0.30146849675806664,
            "defesa": -0.428297092815363
        }
    }
}