{
    "liga": "SA",
    "temporada": 2025,
    "data_treinamento": "2025-11-27T20:49:18.769132",
    "vantagem_casa": 0.11378458005010804,
    "forcas": {
        "AC Milan": {
            "ataque": 1.3180850143549232,
            "defesa": -1.4098180654080867
        },
        "AC Pisa 1909": {
            "ataque": 0.7487655801584945,
            "defesa": -0.850584761979637
        },
        "ACF Fiorentina": {
            "ataque": 0.8198975050008668,
            "defesa": -0.7133448754293998
        },
        "AS Roma": {
            "ataque": 1.0690287445422821,
            "defesa": -1.7913618181969366
        },
        "Atalanta BC": {
            "ataque": 1.0552558010537703,
            "defesa": -0.9019601384079975
        },
        "Bologna FC 1909": {
            "ataque": 1.43336659634008,
            "defesa": -1.441765650214593
        },
        "Cagliari Calcio": {
            "ataque": 0.8802885069179099,
            "defesa": -0.7465547365644434
        },
        "Como 1907": {
            "ataque": 1.1875081512501473,
            "defesa": -1.5931869410905442
        },
        "FC Internazionale Milano": {
            "ataque": 1.6371151249224598,
            "defesa": -0.9974711282414569
        },
        "Genoa CFC": {
            "ataque": 0.8520065555554205,
            "defesa": -0.6176906125133053
        },
        "Hellas Verona FC": {
            "ataque": 0.39680201859022485,
            "defesa": -0.6723153663854201
        },
        "Juventus FC": {
            "ataque": 1.0305456703514562,
            "defesa": -1.1695955954758381
        },
        "Parma Calcio 1913": {
            "ataque": 0.6648905546805436,
            "defesa": -0.8330561633825905
        },
        "SS Lazio": {
            "ataque": 1.07032106612069,
            "defesa": -1.3738777162317257
        },
        "SSC Napoli": {
            "ataque": 1.317625038526843,
            "defesa": -1.2280362166023513
        },
        "Torino FC": {
            "ataque": 0.9297812415018155,
            "defesa": -0.6156379532941179
        },
        "US Cremonese": {
            "ataque": 0.9779281441360247,
            "defesa": -0.8114490124835878
        },
        "US Lecce": {
            "ataque": 0.44972445932121713,
            "defesa": -0.7998197741871756
        },
        "US Sassuolo Calcio": {
            "ataque": 1.1418071290136622,
            "defesa": -0.9092193044285785
        },
        "Udinese Calcio": {
            "ataque": 0.9298841938162111,
            "defesa": -0.6125863489828782
        }
    }
}