{
    "liga": "PD",
    "temporada": 2025,
    "data_treinamento": "2025-11-27T20:30:12.278969",
    "vantagem_casa": 0.2986420066831986,
    "forcas": {
        "Athletic Club": {
            "ataque": 0.6894064269449048,
            "defesa": -0.936053573892961
        },
        "CA Osasuna": {
            "ataque": 0.6087068089839497,
            "defesa": -1.0855195979870194
        },
        "Club Atlético de Madrid": {
            "ataque": 1.5144312666419197,
            "defesa": -1.3929775460549125
        },
        "Deportivo Alavés": {
            "ataque": 0.5685037594593735,
            "defesa": -1.2025212571471604
        },
        "Elche CF": {
            "ataque": 0.9301279160341279,
            "defesa": -1.0934748661423777
        },
        "FC Barcelona": {
            "ataque": 1.766617271945922,
            "defesa": -0.9986887418386047
        },
        "Getafe CF": {
            "ataque": 0.6699060239001975,
            "defesa": -1.1118026051954801
        },
        "Girona FC": {
            "ataque": 0.7158980476739039,
            "defesa": -0.5861589158091872
        },
        "Levante UD": {
            "ataque": 1.0860596251571402,
            "defesa": -0.6135166930497137
        },
        "RC Celta de Vigo": {
            "ataque": 1.0804796628112214,
            "defesa": -0.8834957923411306
        },
        "RCD Espanyol de Barcelona": {
            "ataque": 1.0655324858452138,
            "defesa": -0.9727627657443657
        },
        "RCD Mallorca": {
            "ataque": 0.8708606916689671,
            "defesa": -0.9762514310289262
        },
        "Rayo Vallecano de Madrid": {
            "ataque": 0.7362470970913036,
            "defesa": -1.2620960867755715
        },
        "Real Betis Balompié": {
            "ataque": 1.2166180909852016,
            "defesa": -1.089216416694117
        },
        "Real Madrid CF": {
            "ataque": 1.6227379166518916,
            "defesa": -1.3018094517584105
        },
        "Real Oviedo": {
            "ataque": 0.18842366459596616,
            "defesa": -0.7863373078282211
        },
        "Real Sociedad de Fútbol": {
            "ataque": 1.122819518321373,
            "defesa": -0.9123533794703071
        },
        "Sevilla FC": {
            "ataque": 1.2745090248964706,
            "defesa": -0.7417899645708715
        },
        "Valencia CF": {
            "ataque": 0.6984836430715083,
            "defesa": -0.772808531231788
        },
        "Villarreal CF": {
            "ataque": 1.4826386387653931,
            "defesa": -1.3712985640949087
        }
    }
}