{
    "liga": "CL",
    "temporada": 2025,
    "data_treinamento": "2025-12-11T19:27:12.529091",
    "vantagem_casa": 0.23616343468891599,
    "forcas": {
        "AFC Ajax": {
            "ataque": -0.42740694822839714,
            "defesa": 0.9349376110719629
        },
        "AS Monaco FC": {
            "ataque": -0.11374989525797828,
            "defesa": 0.07464966722659441
        },
        "Arsenal FC": {
            "ataque": 0.8411656658655404,
            "defesa": -2.1220506223656552
        },
        "Atalanta BC": {
            "ataque": -0.006523594771957469,
            "defesa": -0.6478595050037216
        },
        "Athletic Club": {
            "ataque": -0.820836463318596,
            "defesa": -0.34258407515507144
        },
        "Bayer 04 Leverkusen": {
            "ataque": 0.24931476997299312,
            "defesa": 0.09960164829698134
        },
        "Borussia Dortmund": {
            "ataque": 0.6584784099425577,
            "defesa": 0.7411568677011814
        },
        "Chelsea FC": {
            "ataque": 0.323255911568687,
            "defesa": -0.11667479666146907
        },
        "Club Atlético de Madrid": {
            "ataque": 0.7179437322956591,
            "defesa": 0.14390835402790353
        },
        "Club Brugge KV": {
            "ataque": 0.5237083895796975,
            "defesa": 0.3258696978925764
        },
        "Eintracht Frankfurt": {
            "ataque": 0.1470847500104288,
            "defesa": 0.6206178885485591
        },
        "FC Barcelona": {
            "ataque": 0.5034541729976597,
            "defesa": -0.05437928653001805
        },
        "FC Bayern München": {
            "ataque": 1.078053582554443,
            "defesa": -0.5770018191023045
        },
        "FC Internazionale Milano": {
            "ataque": 0.10567691870847495,
            "defesa": -0.5262041949963768
        },
        "FC København": {
            "ataque": -0.15018277656588364,
            "defesa": 0.8349299308996552
        },
        "FK Bodø/Glimt": {
            "ataque": 0.03214254361645773,
            "defesa": 0.5631573787012436
        },
        "FK Kairat": {
            "ataque": -0.7260006644224686,
            "defesa": 0.7439799724130554
        },
        "Galatasaray SK": {
            "ataque": -0.30279206690867677,
            "defesa": 0.12657630804028858
        },
        "Juventus FC": {
            "ataque": 0.21835911189248938,
            "defesa": 0.25602661599539733
        },
        "Liverpool FC": {
            "ataque": 0.30637084971291106,
            "defesa": -0.1456198633297562
        },
        "Manchester City FC": {
            "ataque": 0.22770759277079122,
            "defesa": -0.220827802938131
        },
        "Newcastle United FC": {
            "ataque": 0.6326327209837264,
            "defesa": -0.1850217942185092
        },
        "Olympique de Marseille": {
            "ataque": 0.30042191522579476,
            "defesa": -0.06724371834283631
        },
        "PAE Olympiakos SFP": {
            "ataque": -0.22528249976941706,
            "defesa": 0.32291892588013765
        },
        "PSV": {
            "ataque": 0.5931880427389422,
            "defesa": 0.29905797752791247
        },
        "Paphos FC": {
            "ataque": -0.7884230544648481,
            "defesa": 0.1978413613443726
        },
        "Paris Saint-Germain FC": {
            "ataque": 1.2888788487253688,
            "defesa": -0.1517490401354529
        },
        "Qarabağ Ağdam FK": {
            "ataque": -0.059620458930594485,
            "defesa": 0.9880718488973199
        },
        "Real Madrid CF": {
            "ataque": 0.45851297348941256,
            "defesa": 0.004422060731752962
        },
        "Royale Union Saint-Gilloise": {
            "ataque": 0.054287702867997605,
            "defesa": 0.3937856199454898
        },
        "SK Slavia Praha": {
            "ataque": -1.0018720502869465,
            "defesa": 0.3042463498684908
        },
        "SSC Napoli": {
            "ataque": -0.5223759312714543,
            "defesa": 0.3104599671462782
        },
        "Sport Lisboa e Benfica": {
            "ataque": -0.5648225751913842,
            "defesa": 0.0008741821494883094
        },
        "Sporting Clube de Portugal": {
            "ataque": 0.311652753914712,
            "defesa": -0.20242152662051616
        },
        "Tottenham Hotspur FC": {
            "ataque": 0.24456847173709995,
            "defesa": -0.21025448230862664
        },
        "Villarreal CF": {
            "ataque": -0.8860718173543521,
            "defesa": 0.503835660871134
        }
    }
}