{
    "liga": "CL",
    "temporada": 2025,
    "data_treinamento": "2025-12-09T21:36:47.098852",
    "vantagem_casa": 0.27519446977578094,
    "forcas": {
        "AFC Ajax": {
            "ataque": -0.7958997695173019,
            "defesa": -0.0027568797889036384
        },
        "AS Monaco FC": {
            "ataque": 0.777105211093438,
            "defesa": -1.010712324459392
        },
        "Arsenal FC": {
            "ataque": 1.856999345976544,
            "defesa": -2.8627056109601687
        },
        "Atalanta BC": {
            "ataque": 0.9462930409294336,
            "defesa": -1.8287129863363487
        },
        "Athletic Club": {
            "ataque": 0.4357698991750028,
            "defesa": -1.029875682969226
        },
        "Bayer 04 Leverkusen": {
            "ataque": 1.1489582894402262,
            "defesa": -1.0190560725957298
        },
        "Borussia Dortmund": {
            "ataque": 1.8764120405490112,
            "defesa": -0.22203949719166113
        },
        "Chelsea FC": {
            "ataque": 1.362246786449726,
            "defesa": -1.0732548016346317
        },
        "Club Atlético de Madrid": {
            "ataque": 1.7058388419667152,
            "defesa": -0.9235051234928171
        },
        "Club Brugge KV": {
            "ataque": 1.6498222551772612,
            "defesa": -0.6415869936714261
        },
        "Eintracht Frankfurt": {
            "ataque": 1.2094183091070987,
            "defesa": -0.4100932829123046
        },
        "FC Barcelona": {
            "ataque": 1.497389107503809,
            "defesa": -1.1860725011041888
        },
        "FC Bayern München": {
            "ataque": 2.0176653719302835,
            "defesa": -1.7555212323077174
        },
        "FC Internazionale Milano": {
            "ataque": 1.0959085419519898,
            "defesa": -1.493247098642121
        },
        "FC København": {
            "ataque": 0.697609174115687,
            "defesa": -0.3316887899653995
        },
        "FK Bodø/Glimt": {
            "ataque": 1.077933946414748,
            "defesa": -0.12346385955419954
        },
        "FK Kairat": {
            "ataque": 0.3260056702088341,
            "defesa": -0.2816450425220286
        },
        "Galatasaray SK": {
            "ataque": 0.6049434568006076,
            "defesa": -0.8253726029312567
        },
        "Juventus FC": {
            "ataque": 1.170815496181846,
            "defesa": -0.7517972362588852
        },
        "Liverpool FC": {
            "ataque": 1.330963326999526,
            "defesa": -1.1785372065771502
        },
        "Manchester City FC": {
            "ataque": 1.2253580651562912,
            "defesa": -1.1250723133325518
        },
        "Newcastle United FC": {
            "ataque": 1.5168872399312048,
            "defesa": -1.414632982719842
        },
        "Olympique de Marseille": {
            "ataque": 1.3189145863012575,
            "defesa": -0.9117742624510704
        },
        "PAE Olympiakos SFP": {
            "ataque": 0.7998570220752659,
            "defesa": -0.7375094797908448
        },
        "PSV": {
            "ataque": 1.6488549525633551,
            "defesa": -0.7405843467031921
        },
        "Paphos FC": {
            "ataque": 0.47956096301516826,
            "defesa": -0.7633084585335027
        },
        "Paris Saint-Germain FC": {
            "ataque": 2.5810927078078176,
            "defesa": -1.0608365576484866
        },
        "Qarabağ Ağdam FK": {
            "ataque": 1.1027062156696452,
            "defesa": -0.312304694338566
        },
        "Real Madrid CF": {
            "ataque": 1.4991847540930858,
            "defesa": -1.1755533824401305
        },
        "Royale Union Saint-Gilloise": {
            "ataque": 1.184325798505449,
            "defesa": -0.6108198308669046
        },
        "SK Slavia Praha": {
            "ataque": -0.21185430836266833,
            "defesa": -0.7372449569389732
        },
        "SSC Napoli": {
            "ataque": 0.6791865291068214,
            "defesa": -0.8767466958889546
        },
        "Sport Lisboa e Benfica": {
            "ataque": 0.28059308816856326,
            "defesa": -0.8160168301100567
        },
        "Sporting Clube de Portugal": {
            "ataque": 1.3018250934577253,
            "defesa": -1.2410875678408864
        },
        "Tottenham Hotspur FC": {
            "ataque": 1.2616447315880235,
            "defesa": -1.377879633691315
        },
        "Villarreal CF": {
            "ataque": -0.29642727217530224,
            "defesa": -0.7831845987180005
        }
    }
}