{
    "liga": "SA",
    "temporada": 2025,
    "data_treinamento": "2025-12-22T07:30:45.678413",
    "vantagem_casa": 0.181710604242461,
    "forcas": {
        "AC Milan": {
            "ataque": 0.3654864556430628,
            "defesa": -0.2500686730537981
        },
        "AC Pisa 1909": {
            "ataque": -0.41567116368800144,
            "defesa": 0.1716314919076075
        },
        "ACF Fiorentina": {
            "ataque": -0.03965776350513037,
            "defesa": 0.3629446320322331
        },
        "AS Roma": {
            "ataque": -0.0688567340596663,
            "defesa": -0.6071458369703355
        },
        "Atalanta BC": {
            "ataque": 0.03358859494951037,
            "defesa": 0.0705231880153394
        },
        "Bologna FC 1909": {
            "ataque": 0.30679487810301,
            "defesa": -0.1871264933893486
        },
        "Cagliari Calcio": {
            "ataque": -0.037956824040507584,
            "defesa": 0.2694675059959031
        },
        "Como 1907": {
            "ataque": 0.12160899663815154,
            "defesa": -0.3739271717806506
        },
        "FC Internazionale Milano": {
            "ataque": 0.6710051347854945,
            "defesa": -0.18364820233420867
        },
        "Genoa CFC": {
            "ataque": -0.13919153226106723,
            "defesa": 0.27462858450879524
        },
        "Hellas Verona FC": {
            "ataque": -0.24151368560565162,
            "defesa": 0.300871777669538
        },
        "Juventus FC": {
            "ataque": 0.14551439131458244,
            "defesa": -0.22331129585163398
        },
        "Parma Calcio 1913": {
            "ataque": -0.5195659800529816,
            "defesa": 0.11707683350392363
        },
        "SS Lazio": {
            "ataque": -0.08294711126388583,
            "defesa": -0.5363886958336975
        },
        "SSC Napoli": {
            "ataque": 0.22796776966736157,
            "defesa": -0.30910573492848553
        },
        "Torino FC": {
            "ataque": -0.03313656315571795,
            "defesa": 0.3212544965211102
        },
        "US Cremonese": {
            "ataque": 0.00920262603309828,
            "defesa": -0.029323040866515666
        },
        "US Lecce": {
            "ataque": -0.5104274664342243,
            "defesa": 0.1552460418033442
        },
        "US Sassuolo Calcio": {
            "ataque": 0.12190176094536295,
            "defesa": 0.09493691326496641
        },
        "Udinese Calcio": {
            "ataque": -0.07410048057529217,
            "defesa": 0.4014738081008389
        }
    }
}