{
    "liga": "FL1",
    "temporada": 2025,
    "data_treinamento": "2025-12-22T07:30:19.619149",
    "vantagem_casa": 0.4453124073319744,
    "forcas": {
        "AJ Auxerre": {
            "ataque": -0.41212825740549025,
            "defesa": 0.1536321150674796
        },
        "AS Monaco FC": {
            "ataque": 0.16435167542646575,
            "defesa": 0.21287648239664766
        },
        "Angers SCO": {
            "ataque": -0.24618620654060316,
            "defesa": -0.2591818555393983
        },
        "FC Lorient": {
            "ataque": -0.08492941909244459,
            "defesa": 0.23578580420724796
        },
        "FC Metz": {
            "ataque": -0.14420515710354762,
            "defesa": 0.5293171486401379
        },
        "FC Nantes": {
            "ataque": -0.43123414561839096,
            "defesa": 0.32307989804387255
        },
        "Le Havre AC": {
            "ataque": -0.5807376293977755,
            "defesa": -0.05839140959611791
        },
        "Lille OSC": {
            "ataque": 0.4344488689600888,
            "defesa": -0.008653449289642387
        },
        "OGC Nice": {
            "ataque": -0.1162021616278948,
            "defesa": 0.27777702437844254
        },
        "Olympique Lyonnais": {
            "ataque": 0.020429976514118865,
            "defesa": -0.28505075982948264
        },
        "Olympique de Marseille": {
            "ataque": 0.5110939587530323,
            "defesa": -0.3653470881899268
        },
        "Paris FC": {
            "ataque": -0.07167336119995005,
            "defesa": 0.302293460962637
        },
        "Paris Saint-Germain FC": {
            "ataque": 0.5188903578554848,
            "defesa": -0.4452124673383444
        },
        "RC Strasbourg Alsace": {
            "ataque": 0.13801084294887805,
            "defesa": -0.10751651067220858
        },
        "Racing Club de Lens": {
            "ataque": 0.23477140952228967,
            "defesa": -0.4882561099093797
        },
        "Stade Brestois 29": {
            "ataque": -0.049186991420837156,
            "defesa": 0.17986137539371436
        },
        "Stade Rennais FC 1901": {
            "ataque": 0.24662504520443937,
            "defesa": 0.16088101551449022
        },
        "Toulouse FC": {
            "ataque": 0.06987718860492377,
            "defesa": -0.15585701147145417
        }
    }
}