{
    "liga": "PPL",
    "temporada": 2025,
    "data_treinamento": "2025-11-10T10:58:48.468529",
    "vantagem_casa": 0.047981050481218965,
    "forcas": {
        "AVS": {
            "ataque": 0.46584004242522786,
            "defesa": -0.2153157361498641
        },
        "CD Nacional": {
            "ataque": 0.8899343587358066,
            "defesa": -0.9492571923775662
        },
        "CD Santa Clara": {
            "ataque": 0.6378581319569202,
            "defesa": -0.9058527214247586
        },
        "CD Tondela": {
            "ataque": 0.20955303488043847,
            "defesa": -0.48282131738612494
        },
        "CF Estrela da Amadora": {
            "ataque": 0.8672922998230861,
            "defesa": -0.712515128907135
        },
        "Casa Pia AC": {
            "ataque": 1.0753822533672523,
            "defesa": -0.4188523927814293
        },
        "FC Alverca": {
            "ataque": 0.9149655231263365,
            "defesa": -0.5429662699811372
        },
        "FC Arouca": {
            "ataque": 1.0205324403575065,
            "defesa": -0.18020425327950107
        },
        "FC Famalicão": {
            "ataque": 0.7235226687960793,
            "defesa": -1.863573664556009
        },
        "FC Porto": {
            "ataque": 1.6714074292986834,
            "defesa": -2.4501217399586155
        },
        "GD Estoril Praia": {
            "ataque": 1.2089367460902438,
            "defesa": -0.5635754701679089
        },
        "Gil Vicente FC": {
            "ataque": 1.258613784540444,
            "defesa": -1.8926998108864546
        },
        "Moreirense FC": {
            "ataque": 1.2047052310034274,
            "defesa": -0.8790026325898928
        },
        "Rio Ave FC": {
            "ataque": 1.0657556523343426,
            "defesa": -0.579734798287547
        },
        "Sport Lisboa e Benfica": {
            "ataque": 1.3745345194842806,
            "defesa": -1.5936011815690367
        },
        "Sporting Clube de Braga": {
            "ataque": 1.3211867576653846,
            "defesa": -1.1349976158723163
        },
        "Sporting Clube de Portugal": {
            "ataque": 1.6489201156467468,
            "defesa": -1.680984459868899
        },
        "Vitória SC": {
            "ataque": 0.7250159785165888,
            "defesa": -0.6699771879382725
        }
    }
}